date,5-day,10-day,20-day,30-day,Close
2013-01-02 16:00:00,0.4053257497414685,0.40802740434332985,0.4091714064115822,0.3990865218890038,0.4206308169596691
2013-01-03 16:00:00,0.4081178903826267,0.40805325749741467,0.40964322647362966,0.4003877973112719,0.41843329886246117
2013-01-04 16:00:00,0.41362461220268876,0.4100180972078593,0.4099857807652532,0.40231816614960353,0.42037228541882116
2013-01-07 16:00:00,0.4181230610134436,0.41259048603929677,0.410528697001034,0.40407187176835563,0.42360392967942095
2013-01-08 16:00:00,0.4211737331954499,0.4129653567735264,0.41097466390899684,0.4058772836952774,0.42282833505687695
2013-01-09 16:00:00,0.42210444674250264,0.41371509824198555,0.4113624612202688,0.40739400206825227,0.4252843846949328
2013-01-10 16:00:00,0.4258531540847984,0.41698552223371255,0.4125840227507756,0.40947087211306443,0.43717683557394005
2013-01-11 16:00:00,0.42851602895553265,0.42107032057911065,0.41379265770423995,0.4114744915546362,0.4336866597724922
2013-01-14 16:00:00,0.43244570837642193,0.4252843846949328,0.41582859358841784,0.4135987590486038,0.4432523267838676
2013-01-15 16:00:00,0.43640124095139615,0.42878748707342307,0.417748190279214,0.4150982419855221,0.4426059979317477
2013-01-16 16:00:00,0.43921923474663904,0.43066184074457076,0.4193446225439504,0.4163348845225783,0.4393743536711479
2013-01-17 16:00:00,0.44043433298862467,0.4331437435367114,0.420598500517063,0.41747673216132347,0.4432523267838676
2013-01-18 16:00:00,0.44299379524301963,0.435754912099276,0.42288650465356764,0.41857549120992743,0.4464839710444674
2013-01-22 16:00:00,0.44258014477766294,0.4375129265770424,0.42505170630816946,0.4195234401930368,0.4411840744570838
2013-01-23 16:00:00,0.44423474663908996,0.44031799379524306,0.4266416752843846,0.42075577387107876,0.4508790072388832
2013-01-24 16:00:00,0.4464581178903826,0.44283867631851087,0.42827688728024815,0.4218545329196828,0.4504912099276112
2013-01-25 16:00:00,0.44829369183040324,0.44436401240951395,0.43067476732161314,0.42317735263702155,0.45243019648397104
2013-01-28 16:00:00,0.44945708376421917,0.44622543950361937,0.4336478800413649,0.42460358497069967,0.4523009307135471
2013-01-29 16:00:00,0.4487590486039296,0.44566959669079625,0.4354769906928644,0.4257755946225439,0.43769389865563596
2013-01-30 16:00:00,0.4466907962771458,0.44546277145811786,0.43712512926577046,0.42698638400551536,0.4405377456049638
2013-01-31 16:00:00,0.4452688728024819,0.4458634953464323,0.4382626680455016,0.42818424681144435,0.4433815925542916
2013-02-01 16:00:00,0.44526887280248195,0.44678128231644265,0.4399625129265771,0.42932609445018954,0.45243019648397104
2013-02-04 16:00:00,0.44343329886246113,0.4464451913133402,0.44110005170630817,0.43073940020682516,0.4431230610134437
2013-02-05 16:00:00,0.4452171664943122,0.446988107549121,0.44225051706308166,0.4323638400551533,0.4466132368148914
2013-02-06 16:00:00,0.4477507755946225,0.4472207859358842,0.4437693898655636,0.4335013788348845,0.45320579110651504
2013-02-07 16:00:00,0.44754395036194417,0.4464064115822131,0.44462254395036194,0.4343200620475698,0.44234746639089967
2013-02-08 16:00:00,0.4523009307135471,0.44878490175801455,0.4465744570837642,0.43671147880041367,0.47621509824198555
2013-02-11 16:00:00,0.45527404343329897,0.44935367114788005,0.4477895553257497,0.4388831437435366,0.4579886246122027
2013-02-12 16:00:00,0.45780765253360917,0.45151240951396066,0.4485910031023784,0.44082213029989653,0.4592812823164426
2013-02-13 16:00:00,0.4591778697001035,0.45346432264736297,0.44946354705274044,0.4425715270596346,0.4600568769389866
2013-02-14 16:00:00,0.4624870734229577,0.45501551189245093,0.4504395036194415,0.443846949327818,0.45889348500517063
2013-02-15 16:00:00,0.45948810754912106,0.4558945191313341,0.45133790072388835,0.44527318166149604,0.4612202688728025
2013-02-19 16:00:00,0.4612461220268873,0.45826008273009305,0.45235263702171663,0.44682006204756985,0.46677869700103414
2013-02-20 16:00:00,0.46209927611168566,0.4599534643226474,0.4534707859358842,0.44815149948293687,0.46354705274043434
2013-02-21 16:00:00,0.46246122026887276,0.4608195449844881,0.4540201654601862,0.4494527749052051,0.4618665977249224
2013-02-22 16:00:00,0.46507238883143737,0.4637797311271975,0.45509307135470534,0.45100827300930707,0.47194932781799376
2013-02-25 16:00:00,0.46530506721820064,0.4623965873836608,0.45559074457083765,0.45184850051706305,0.46238366080661847
2013-02-26 16:00:00,0.4657962771458117,0.4635211995863494,0.45643743536711473,0.4530334367459496,0.46923474663908993
2013-02-27 16:00:00,0.4685884177869699,0.46534384694932784,0.45842812823164414,0.45417528438469484,0.4775077559462254
2013-02-28 16:00:00,0.47057911065149943,0.4665201654601861,0.4599922440537745,0.4551490865218889,0.4718200620475698
2013-03-01 16:00:00,0.4735780765253361,0.4693252326783868,0.46217037228541874,0.45673474663909,0.4869441571871769
2013-03-04 16:00:00,0.47973112719751815,0.4725180972078595,0.46420630816959674,0.4583979662185454,0.49314891416752843
2013-03-05 16:00:00,0.4861944157187177,0.47599534643226477,0.4671277145811789,0.46023354015856605,0.5015511892450879
2013-03-06 16:00:00,0.49048603929679424,0.47953722854188213,0.46974534643226484,0.46215960013788354,0.49896587383660806
2013-03-07 16:00:00,0.4954239917269907,0.48300155118924504,0.47191054808686655,0.46368062736987237,0.49650982419855216
2013-03-08 16:00:00,0.49886246122026884,0.48622026887280245,0.4749999999999999,0.46546880386073763,0.5041365046535677
2013-03-11 16:00:00,0.501034126163392,0.490382626680455,0.47638960703205785,0.46718803860737673,0.5040072388831438
2013-03-12 16:00:00,0.50064632885212,0.4934203722854188,0.47847078593588416,0.4687650810065493,0.499612202688728
2013-03-13 16:00:00,0.5013960703205791,0.49594105480868667,0.4806424508790072,0.4709324370906583,0.5027145811789039
2013-03-14 16:00:00,0.5031282316442607,0.4992761116856257,0.48289813857290587,0.4730868665977248,0.5051706308169597
2013-03-15 16:00:00,0.5031282316442607,0.5009953464322647,0.4851602895553257,0.47511203033436744,0.5041365046535677
2013-03-18 16:00:00,0.5023784901758015,0.5017063081695967,0.4871122026887281,0.4767063081695967,0.500258531540848
2013-03-19 16:00:00,0.5011116856256463,0.5008790072388832,0.4884371768355739,0.47837814546708024,0.49327817993795237
2013-03-20 16:00:00,0.500258531540848,0.5008273009307135,0.4901822647362977,0.4801059979317476,0.49844881075491215
2013-03-21 16:00:00,0.4994312306101345,0.5012797311271975,0.49214064115822115,0.4817002757669768,0.5010341261633919
2013-03-22 16:00:00,0.4986039296794209,0.5008660806618408,0.49354317476732157,0.48362202688728023,0.5
2013-03-25 16:00:00,0.4975698035160289,0.49997414684591507,0.49517838676318504,0.48425112030334366,0.4950879007238883
2013-03-26 16:00:00,0.49868148914167526,0.4998965873836608,0.49665847983453976,0.48561271975180964,0.49883660806618413
2013-03-27 16:00:00,0.4973888314374353,0.49882368148914163,0.49738236814891407,0.4867028610823853,0.49198552223371256
2013-03-28 16:00:00,0.4967166494312306,0.4980739400206825,0.498675025853154,0.48795673905549797,0.49767321613236815
2013-04-01 16:00:00,0.4950361944157188,0.4968200620475698,0.4989077042399172,0.48904688038607363,0.4915977249224406
2013-04-02 16:00:00,0.4939245087900724,0.49574715615305065,0.49872673216132357,0.4899905205101687,0.48952947259565666
2013-04-03 16:00:00,0.48937435367114784,0.4940279214064116,0.4974534643226473,0.49030075835918635,0.4760858324715615
2013-04-04 16:00:00,0.48622026887280245,0.49180455015511904,0.49631592554291626,0.49072302654257144,0.47621509824198555
2013-04-05 16:00:00,0.4825749741468459,0.4896458117890383,0.495462771458118,0.49130903136849363,0.47944674250258534
2013-04-08 16:00:00,0.48164426059979326,0.488340227507756,0.4946031540847984,0.4918088590141331,0.4869441571871769
2013-04-09 16:00:00,0.48314374353671147,0.4885341261633918,0.4942541365046536,0.4929636332299207,0.49702688728024824
2013-04-10 16:00:00,0.48810754912099286,0.48874095139607027,0.49431876938986563,0.4940193036883834,0.500904860392968
2013-04-11 16:00:00,0.49198552223371256,0.48910289555325753,0.4939632885211996,0.494622543950362,0.49560496380558433
2013-04-12 16:00:00,0.4949586349534644,0.48876680455015514,0.4934203722854188,0.4953722854188211,0.4943123061013444
2013-04-15 16:00:00,0.49263185108583246,0.48713805584281294,0.49197905894519134,0.49498448810754914,0.4753102378490176
2013-04-16 16:00:00,0.4953981385729059,0.4892709410548088,0.49250904860392963,0.4955748017924853,0.5108583247156153
2013-04-17 16:00:00,0.4955015511892452,0.49180455015511904,0.49291623578076516,0.4955704929334711,0.5014219234746639
2013-04-18 16:00:00,0.49565667011375397,0.4938210961737334,0.4928128231644261,0.4954843157531885,0.4963805584281282
2013-04-19 16:00:00,0.49433815925542923,0.4946483971044468,0.49214710444674237,0.49519131334022753,0.48771975180972077
2013-04-22 16:00:00,0.4981902792140641,0.49541106514994826,0.49187564632885217,0.49487245777318173,0.49457083764219234
2013-04-23 16:00:00,0.496794208893485,0.4960961737331955,0.49231514994829384,0.4948681489141675,0.5038779731127198
2013-04-24 16:00:00,0.4962254395036194,0.49586349534643226,0.49230222337125135,0.4948336780420544,0.4985780765253361
2013-04-25 16:00:00,0.49744053774560487,0.49654860392967937,0.4928257497414685,0.4948250603240262,0.5024560496380558
2013-04-26 16:00:00,0.5003102378490175,0.4973241985522234,0.4930455015511893,0.494721647707687,0.5020682523267839
2013-04-29 16:00:00,0.5028697001034126,0.5005299896587383,0.49383402275077565,0.4948293691830403,0.5073681489141675
2013-04-30 16:00:00,0.5028697001034126,0.49983195449844886,0.4945514477766288,0.49495001723543613,0.5038779731127198
2013-05-01 16:00:00,0.5024043433298863,0.4993148914167528,0.4955597207859359,0.49504912099276116,0.49625129265770423
2013-05-02 16:00:00,0.503076525336091,0.500258531540848,0.4970398138572907,0.49529472595656676,0.5058169596690797
2013-05-03 16:00:00,0.49883660806618413,0.4995734229576009,0.49711091003102387,0.494622543950362,0.48086866597724925
2013-05-06 16:00:00,0.4955015511892451,0.4991856256463289,0.4972983453981386,0.4943123061013443,0.4906928645294726
2013-05-07 16:00:00,0.4910806618407445,0.49697518097207855,0.49653567735263704,0.49386849362288865,0.4817735263702172
2013-05-08 16:00:00,0.48929679420889344,0.4958505687693899,0.49585703205791104,0.4934850051706308,0.48733195449844885
2013-05-09 16:00:00,0.4850568769389866,0.4940667011375388,0.4953076525336091,0.4932394002068253,0.484617373319545
2013-05-10 16:00:00,0.48603929679420893,0.49243795243019645,0.4948810754912098,0.49284298517752495,0.4857807652533609
2013-05-13 16:00:00,0.48601344364012417,0.49075749741468466,0.49564374353671153,0.49280851430541184,0.49056359875904865
2013-05-14 16:00:00,0.4908221302998967,0.4909513960703206,0.4953916752843847,0.4933514305411926,0.5058169596690797
2013-05-15 16:00:00,0.4946483971044468,0.49197259565667006,0.49564374353671153,0.49436401240951394,0.5064632885211996
2013-05-16 16:00:00,0.4994570837642192,0.49225698035160287,0.49625775594622545,0.4954455360220614,0.5086608066184075
2013-05-17 16:00:00,0.5038779731127198,0.4949586349534642,0.49726602895553257,0.4963934850051706,0.5078852119958635
2013-05-20 16:00:00,0.507161323681489,0.49658738366080657,0.49788650465356776,0.49706135815236124,0.5069803516028956
2013-05-21 16:00:00,0.5091003102378491,0.4999612202688728,0.49846820062047575,0.49767752499138224,0.515511892450879
2013-05-22 16:00:00,0.5079886246122026,0.5013185108583247,0.49858453981385725,0.49767752499138224,0.500904860392968
2013-05-23 16:00:00,0.5086349534643226,0.5040460186142709,0.49905635987590485,0.498220441227163,0.5118924508790073
2013-05-24 16:00:00,0.5103412616339194,0.5071096173733196,0.4997737849017581,0.4989572561185799,0.516416752843847
2013-05-28 16:00:00,0.5130299896587384,0.5100956566701137,0.5004265770423992,0.5004610479145124,0.5204239917269907
2013-05-29 16:00:00,0.5122285418821096,0.5106644260599794,0.50080791106515,0.5004825922095831,0.5115046535677352
2013-05-30 16:00:00,0.5166235780765254,0.5123061013443642,0.5021393485005172,0.5011978628059293,0.5228800413650466
2013-05-31 16:00:00,0.5172182006204757,0.5129265770423992,0.5025917786970012,0.5018140296449501,0.514865563598759
2013-06-03 16:00:00,0.513598759048604,0.5119700103412618,0.5034643226473632,0.502167356084109,0.49831954498448805
2013-06-04 16:00:00,0.5081954498448811,0.5106127197518097,0.5036000517063082,0.5021285763529817,0.49340744570837647
2013-06-05 16:00:00,0.5012926577042398,0.5067605997931747,0.5033609100310239,0.501232333678042,0.47699069286452944
2013-06-06 16:00:00,0.49332988624612206,0.5049767321613237,0.5031476215098243,0.500715270596346,0.48306618407445706
2013-06-07 16:00:00,0.49033092037228543,0.5037745604963805,0.5039102895553258,0.5006290934160634,0.499870734229576
2013-06-10 16:00:00,0.493200620475698,0.503399689762151,0.5052546535677352,0.5009824198552224,0.5126680455015511
2013-06-11 16:00:00,0.4947776628748707,0.5014865563598759,0.5057911065149948,0.5007799034815582,0.5012926577042399
2013-06-12 16:00:00,0.49901758014477765,0.5001551189245087,0.505409772492244,0.5005903136849363,0.4981902792140641
2013-06-13 16:00:00,0.5030765253360909,0.4982032057911065,0.5052546535677352,0.5008273009307137,0.5033609100310238
2013-06-14 16:00:00,0.5032574974146846,0.496794208893485,0.504860392967942,0.5006592554291623,0.500775594622544
2013-06-17 16:00:00,0.5056101344364012,0.4994053774560496,0.5056876938986556,0.5021113409169253,0.5244312306101344
2013-06-18 16:00:00,0.5122802481902793,0.503528955532575,0.5070708376421925,0.5035763529817305,0.5346432264736298
2013-06-19 16:00:00,0.520889348500517,0.5099534643226473,0.508357032057911,0.5055584281282316,0.5412357807652534
2013-06-20 16:00:00,0.5288779731127198,0.5159772492244055,0.5104769906928647,0.5074241640813514,0.5433040330920372
2013-06-21 16:00:00,0.5381851085832472,0.5207213029989659,0.5122479317476734,0.509513960703206,0.547311271975181
2013-06-24 16:00:00,0.5434332988624612,0.5245217166494313,0.5139607032057911,0.5116770079283007,0.5506721820062048
2013-06-25 16:00:00,0.5489658738366081,0.5306230610134436,0.5160548086866598,0.5140684246811444,0.562306101344364
2013-06-26 16:00:00,0.5557394002068253,0.5383143743536711,0.5192347466390899,0.5163779731127198,0.5751034126163392
2013-06-27 16:00:00,0.5628748707342296,0.5458764219234746,0.5220398138572906,0.5187952430196485,0.5789813857290589
2013-06-28 16:00:00,0.569855222337125,0.5540201654601861,0.5254071871768353,0.5212469837986902,0.5822130299896587
2013-07-01 16:00:00,0.575,0.5592166494312306,0.52931101344364,0.5235306790761806,0.5763960703205792
2013-07-02 16:00:00,0.5782316442605998,0.5635987590486039,0.5335638572905894,0.5259134781109963,0.578464322647363
2013-07-03 16:00:00,0.5803516028955533,0.5680455015511892,0.5389994829369182,0.5282531885556704,0.5857032057911066
2013-07-05 16:00:00,0.5822905894519131,0.5725827300930714,0.5442799896587383,0.5311789038262666,0.5886763185108583
2013-07-08 16:00:00,0.5847724922440538,0.5773138572905896,0.5490175801447776,0.5339365735953119,0.594622543950362
2013-07-09 16:00:00,0.5874870734229576,0.581243536711479,0.5528826266804551,0.5363883143743536,0.5899689762150983
2013-07-10 16:00:00,0.5909772492244054,0.5846044467425027,0.5576137538779733,0.5389046880386074,0.5959152016546019
2013-07-11 16:00:00,0.5962512926577043,0.5883014477766287,0.5633079110651501,0.5422569803516029,0.6120734229576008
2013-07-12 16:00:00,0.6019648397104447,0.592127714581179,0.5690020682523269,0.5454024474319201,0.6172440537745605
2013-07-15 16:00:00,0.6070837642192347,0.5959281282316442,0.5749741468459153,0.5489141675284387,0.6202171664943122
2013-07-16 16:00:00,0.6110910031023784,0.5992890382626681,0.5792528438469493,0.5526370217166494,0.6100051706308169
2013-07-17 16:00:00,0.6147880041365046,0.602882626680455,0.5832406928645295,0.556670113753878,0.6144002068252327
2013-07-18 16:00:00,0.6176318510858325,0.6069415718717684,0.5874935367114789,0.5616468459152016,0.6262926577042399
2013-07-19 16:00:00,0.619105480868666,0.6105351602895555,0.5915589451913134,0.5663650465356773,0.6246122026887281
2013-07-22 16:00:00,0.6191571871768355,0.6131204756980352,0.5952171664943122,0.5703852119958635,0.6204756980351603
2013-07-23 16:00:00,0.6255429162357808,0.6183169596690797,0.5997802481902791,0.5746940710099965,0.6419338159255429
2013-07-24 16:00:00,0.6295243019648398,0.6221561530506722,0.6033802998965874,0.5791278869355393,0.6343071354705274
2013-07-25 16:00:00,0.6363753877973113,0.6270036194415719,0.6076525336091002,0.5845398138572905,0.6605480868665977
2013-07-26 16:00:00,0.6427352637021716,0.6309203722854189,0.6115240434332988,0.5896415029300238,0.65641158221303
2013-07-29 16:00:00,0.6498448810754912,0.6345010341261633,0.6152145811789039,0.5948164426059978,0.6560237849017581
2013-07-30 16:00:00,0.6527404343329886,0.6391416752843846,0.6192153567735263,0.5992157876594276,0.65641158221303
2013-07-31 16:00:00,0.6567476732161324,0.6431359875904861,0.6230093071354706,0.6032057911065148,0.6543433298862461
2013-08-01 16:00:00,0.6568252326783868,0.646600310237849,0.6267709410548086,0.6071957945536021,0.6609358841778697
2013-08-02 16:00:00,0.661271975180972,0.6520036194415719,0.6312693898655637,0.6117071699413995,0.6786452947259566
2013-08-05 16:00:00,0.6656670113753879,0.6577559462254395,0.6354382109617375,0.616063426404688,0.6779989658738367
2013-08-06 16:00:00,0.6671664943123061,0.6599534643226473,0.6391352119958637,0.6198379869010685,0.6639089968976215
2013-08-07 16:00:00,0.6679679420889348,0.6623578076525335,0.6422569803516031,0.6230394691485696,0.6583505687693899
2013-08-08 16:00:00,0.6474663908996898,0.6521458117890383,0.6395747156153051,0.6224836263357463,0.5584281282316443
2013-08-09 16:00:00,0.625517063081696,0.643394519131334,0.6371574457083765,0.6221475353326439,0.5688986556359875
2013-08-12 16:00:00,0.6043691830403309,0.6350180972078594,0.6347595656670114,0.6218157531885556,0.5722595656670114
2013-08-13 16:00:00,0.587952430196484,0.6275594622543951,0.6333505687693899,0.6219967252671492,0.5818252326783867
2013-08-14 16:00:00,0.5789555325749741,0.6234617373319545,0.6332988624612204,0.6231601172009652,0.6133660806618408
2013-08-15 16:00:00,0.587435367114788,0.6174508790072389,0.632025594622544,0.6236642537056188,0.6008273009307135
2013-08-16 16:00:00,0.5954498448810756,0.6104834539813858,0.6312435367114788,0.6243407445708377,0.608971044467425
2013-08-19 16:00:00,0.6015511892450879,0.6029601861427094,0.6303580661840744,0.6246122026887281,0.6027662874870735
2013-08-20 16:00:00,0.6064374353671148,0.5971949327817994,0.6285741985522234,0.6251551189245087,0.6062564632885212
2013-08-21 16:00:00,0.6050930713547052,0.5920243019648396,0.6271910548086866,0.6255127542226819,0.6066442605997932
2013-08-22 16:00:00,0.6065149948293692,0.5969751809720786,0.6245604963805583,0.6253748707342296,0.6079369183040331
2013-08-23 16:00:00,0.606670113753878,0.6010599793174767,0.6222272492244053,0.6251249569114098,0.609746639089969
2013-08-26 16:00:00,0.6083247156153051,0.6049379524301965,0.619978024819028,0.6248190279214064,0.611039296794209
2013-08-27 16:00:00,0.6072647362978284,0.6068510858324716,0.6172052740434333,0.6245174077904171,0.6009565667011376
2013-08-28 16:00:00,0.6072905894519132,0.6061918304033092,0.6148267838676319,0.6242631851085833,0.6067735263702171
2013-08-29 16:00:00,0.6090744570837644,0.6077947259565667,0.6126228024819028,0.6239486384005514,0.6168562564632886
2013-08-30 16:00:00,0.6091520165460187,0.6079110651499484,0.6091972595656671,0.6234660461909686,0.610134436401241
2013-09-03 16:00:00,0.6090227507755946,0.6086737331954498,0.6058169596690797,0.6231299551878662,0.610392967942089
2013-09-04 16:00:00,0.6121251292657705,0.6096949327817994,0.6034449327817994,0.622281109962082,0.6164684591520165
2013-09-05 16:00:00,0.6153309203722854,0.6113107549120994,0.6016675284384695,0.6218976215098242,0.6228024819027922
2013-09-06 16:00:00,0.6154601861427095,0.6122673216132367,0.6046212512926576,0.6204627714581178,0.6175025853154085
2013-09-09 16:00:00,0.6198552223371251,0.6145036194415718,0.6077817993795243,0.6196527059634609,0.6321096173733195
2013-09-10 16:00:00,0.6268872802481903,0.6179550155118925,0.6114464839710444,0.6193036883833161,0.6455532574974147
2013-09-11 16:00:00,0.6333505687693899,0.6227378490175801,0.6147944674250257,0.6190494657014822,0.6487849017580144
2013-09-12 16:00:00,0.6377973112719753,0.6265641158221301,0.6163779731127196,0.6187392278524647,0.6450361944157187
2013-09-13 16:00:00,0.6429937952430197,0.6292269906928646,0.6185108583247156,0.6181575318855567,0.6434850051706308
2013-09-16 16:00:00,0.6439245087900723,0.6318898655635987,0.6199004653567735,0.6167614615649776,0.6367631851085832
2013-09-17 16:00:00,0.642450879007239,0.6346690796277146,0.621671406411582,0.6154343329886245,0.6381851085832472
2013-09-18 16:00:00,0.6393226473629783,0.6363366080661841,0.6230157704239917,0.614408824543261,0.6331437435367114
2013-09-19 16:00:00,0.6372802481902792,0.6375387797311272,0.6244247673216132,0.6136246122026888,0.6348241985522234
2013-09-20 16:00:00,0.6331437435367114,0.6380687693898655,0.6251680455015511,0.615770423991727,0.6228024819027922
2013-09-23 16:00:00,0.6261892450879007,0.6350568769389866,0.6247802481902793,0.6168734918993451,0.6019906928645294
2013-09-24 16:00:00,0.6143226473629783,0.6283867631851086,0.6231708893485005,0.6170932437090659,0.578852119958635
2013-09-25 16:00:00,0.6014477766287487,0.6203852119958634,0.6215615305067219,0.6166580489486385,0.5687693898655636
2013-09-26 16:00:00,0.5881334022750776,0.6127068252326784,0.6196354705274044,0.6151542571527061,0.5682523267838676
2013-09-27 16:00:00,0.5748190279214065,0.603981385729059,0.6166041882109617,0.6136677007928302,0.5562306101344364
2013-09-30 16:00:00,0.5630558428128233,0.5946225439503621,0.6132562047569804,0.6114744915546366,0.5431747673216133
2013-10-01 16:00:00,0.5536970010341262,0.5840098241985523,0.6093394519131334,0.6091175456739057,0.5320579110651499
2013-10-02 16:00:00,0.5415977249224406,0.5715227507755947,0.6039296794208893,0.6058514305411927,0.5082730093071355
2013-10-03 16:00:00,0.5287487073422958,0.5584410548086867,0.5979899172699068,0.6024301964839711,0.5040072388831438
2013-10-04 16:00:00,0.5196483971044468,0.5472337125129265,0.592651240951396,0.5991899345053431,0.5107290589451913
2013-10-07 16:00:00,0.5133660806618408,0.538210961737332,0.5866339193381593,0.5959238193726303,0.5117631851085833
2013-10-08 16:00:00,0.5058169596690797,0.5297569803516029,0.5790718717683558,0.5920329196828682,0.4943123061013444
2013-10-09 16:00:00,0.5035418821096174,0.5225698035160289,0.5714775077559462,0.588564288176491,0.4968976215098242
2013-10-10 16:00:00,0.506153050672182,0.5174508790072389,0.5650788521199587,0.5855739400206826,0.5170630816959669
2013-10-11 16:00:00,0.5151499482936919,0.5173991726990692,0.5606902792140641,0.5835358497069977,0.5557135470527405
2013-10-14 16:00:00,0.5223371251292658,0.5178516028955532,0.5562370734229577,0.5814546708031715,0.547699069286453
2013-10-15 16:00:00,0.5313081695966908,0.5185625646328852,0.5512861944157187,0.5790804894863841,0.5391675284384695
2013-10-16 16:00:00,0.5393743536711479,0.5214581178903825,0.5464904343329886,0.5764391589107206,0.5372285418821097
2013-10-17 16:00:00,0.5431747673216133,0.5246639089968976,0.5415524819027921,0.5735479145122373,0.5360651499482937
2013-10-18 16:00:00,0.539607032057911,0.5273784901758015,0.5373061013443641,0.5708936573595313,0.5378748707342296
2013-10-21 16:00:00,0.5394777662874871,0.5309074457083764,0.5345592037228543,0.5680584281282317,0.547052740434333
2013-10-22 16:00:00,0.5411323681489142,0.5362202688728025,0.5329886246122026,0.5647880041365047,0.547440537745605
2013-10-23 16:00:00,0.543717683557394,0.5415460186142709,0.53205791106515,0.5615003447087211,0.5501551189245089
2013-10-24 16:00:00,0.5452688728024818,0.5442218200620474,0.5308363495346432,0.5581265081006548,0.5438210961737332
2013-10-25 16:00:00,0.5446483971044468,0.5421277145811789,0.5297634436401242,0.554502757669769,0.5347724922440538
2013-10-28 16:00:00,0.5371509824198551,0.538314374353671,0.5280829886246123,0.5502628403998622,0.5095656670113754
2013-10-29 16:00:00,0.5272233712512927,0.5341778697001035,0.5263702171664943,0.5455834195105136,0.49780248190279214
2013-10-30 16:00:00,0.5140899689762151,0.5289038262668045,0.5251809720785936,0.5406282316442607,0.48448810754912097
2013-10-31 16:00:00,0.5044467425025854,0.5248578076525336,0.5247608583247156,0.5359875904860392,0.49560496380558433
2013-11-01 16:00:00,0.4932264736297827,0.5189374353671148,0.5231579627714581,0.531183212685281,0.4786711478800414
2013-11-04 16:00:00,0.48725439503619444,0.5122026887280249,0.5215550672182007,0.5271070320579112,0.47970527404343327
2013-11-05 16:00:00,0.48244570837642187,0.5048345398138572,0.5205274043433298,0.5236039296794209,0.47375904860392964
2013-11-06 16:00:00,0.5010082730093071,0.5075491209927611,0.524547569803516,0.5238883143743538,0.577300930713547
2013-11-07 16:00:00,0.5105480868665977,0.5074974146845916,0.5258596173733197,0.523056704584626,0.5433040330920372
2013-11-08 16:00:00,0.5220010341261635,0.5076137538779731,0.5248707342295762,0.5223802137194072,0.5359358841778697
2013-11-11 16:00:00,0.5318252326783868,0.5095398138572906,0.5239270941054811,0.5219019303688384,0.5288262668045501
2013-11-12 16:00:00,0.5417011375387797,0.5120734229576009,0.5231256463288523,0.5216046190968632,0.5231385729058945
2013-11-13 16:00:00,0.5312047569803516,0.5161065149948294,0.522505170630817,0.5221561530506723,0.5248190279214064
2013-11-14 16:00:00,0.5270423991726991,0.5187952430196484,0.5218265253360912,0.5227723198896933,0.5224922440537746
2013-11-15 16:00:00,0.5232936918304033,0.5226473629782833,0.520792399172699,0.5229877628403999,0.5171923474663909
2013-11-18 16:00:00,0.5178386763185109,0.5248319544984488,0.5185173216132368,0.5226473629782835,0.5015511892450879
2013-11-19 16:00:00,0.5120217166494312,0.5268614270941054,0.5158479834539813,0.5226387452602551,0.4940537745604964
2013-11-20 16:00:00,0.5043433298862461,0.5177740434332988,0.5126615822130299,0.5222897276801103,0.4864270941054809
2013-11-21 16:00:00,0.5063081695966907,0.5166752843846949,0.5120863495346432,0.522798173043778,0.532316442605998
2013-11-22 16:00:00,0.5101602895553257,0.5167269906928645,0.5121703722854188,0.5221561530506722,0.5364529472595657
2013-11-25 16:00:00,0.5181747673216133,0.518006721820062,0.5137732678386763,0.5219536366770079,0.5416235780765253
2013-11-26 16:00:00,0.5370734229576009,0.524547569803516,0.5183104963805584,0.5235996208204067,0.5885470527404344
2013-11-27 16:00:00,0.5546277145811789,0.5294855222337125,0.5227960186142709,0.5248319544984487,0.5741985522233712
2013-11-29 16:00:00,0.5644519131334024,0.5353800413650466,0.5270876421923475,0.5263443640124094,0.5814374353671148
2013-12-02 16:00:00,0.5699327817993795,0.5400465356773527,0.531346949327818,0.5272104446742502,0.5638572905894519
2013-12-03 16:00:00,0.5722337125129265,0.5452042399172699,0.5350180972078593,0.5274129610479144,0.5531282316442606
2013-12-04 16:00:00,0.5685625646328852,0.5528179937952431,0.5398397104446743,0.5281713202344019,0.5701913133402275
2013-12-05 16:00:00,0.5665718717683558,0.5605997931747674,0.539186918304033,0.5286409858669423,0.5642450879007239
2013-12-06 16:00:00,0.5623319544984489,0.5633919338159256,0.5400336091003103,0.5291882109617373,0.5602378490175802
2013-12-09 16:00:00,0.5620217166494312,0.5659772492244055,0.541352119958635,0.5301059979317476,0.562306101344364
2013-12-10 16:00:00,0.5639865563598758,0.5681101344364012,0.5430584281282316,0.5318855567045845,0.5629524301964839
2013-12-11 16:00:00,0.5613495346432265,0.5649560496380559,0.5447518097207859,0.5338590141330575,0.5570062047569804
2013-12-12 16:00:00,0.5578593588417787,0.5622156153050674,0.5458505687693899,0.5359358841778697,0.546794208893485
2013-12-13 16:00:00,0.5562564632885213,0.559294208893485,0.5473371251292658,0.5378231644260599,0.5522233712512926
2013-12-16 16:00:00,0.5542657704239917,0.5581437435367116,0.5490951396070319,0.5402792140641158,0.5523526370217167
2013-12-17 16:00:00,0.5599534643226474,0.5619700103412617,0.5535871251292657,0.5440020682523268,0.5913908996897621
2013-12-18 16:00:00,0.5655635987590486,0.5634565667011375,0.5581372802481902,0.5477119958634953,0.5850568769389866
2013-12-19 16:00:00,0.5769648397104447,0.5674120992761117,0.5640059462254393,0.5485953119613926,0.6038004136504653
2013-12-20 16:00:00,0.5868407445708376,0.5715486039296794,0.5674702688728024,0.5505386073767666,0.6016028955532575
2013-12-23 16:00:00,0.596794208893485,0.5755299896587384,0.5707536194415718,0.5527447431920026,0.6021199586349535
2013-12-24 16:00:00,0.6002326783867632,0.5800930713547052,0.5741016028955532,0.5554033092037228,0.6085832471561531
2013-12-26 16:00:00,0.6048345398138573,0.5851990692864529,0.5750775594622543,0.5582342295760082,0.6080661840744571
2013-12-27 16:00:00,0.608971044467425,0.5929679420889349,0.577591778697001,0.5615563598759049,0.624482936918304
2013-12-30 16:00:00,0.614865563598759,0.6008531540847983,0.5800736814891416,0.5651758014477767,0.6310754912099277
2013-12-31 16:00:00,0.6188728024819028,0.6078335056876939,0.5829886246122026,0.5686745949672527,0.6221561530506722
2014-01-02 16:00:00,0.6228024819027922,0.6115175801447778,0.5867437952430196,0.5728972768011031,0.6282316442605999
2014-01-03 16:00:00,0.6296535677352636,0.6172440537745604,0.590350310237849,0.5778395380903139,0.6423216132368149
2014-01-06 16:00:00,0.6329886246122026,0.6209798345398139,0.5941959669079627,0.5829972423302311,0.641158221302999
2014-01-07 16:00:00,0.6370992761116856,0.6259824198552224,0.5987655118924509,0.5869743192002758,0.6516287487073422
2014-01-08 16:00:00,0.6428386763185108,0.6308557394002068,0.6031928645294725,0.5907876594277836,0.6508531540847984
2014-01-09 16:00:00,0.6487331954498448,0.6357678386763185,0.6079304550155119,0.5946570148224749,0.6577042399172699
2014-01-10 16:00:00,0.6520941054808687,0.6408738366080662,0.6130364529472596,0.5970096518441916,0.6591261633919339
2014-01-13 16:00:00,0.6567993795243019,0.6448940020682523,0.6189309720785937,0.6000258531540847,0.6646845915201655
2014-01-14 16:00:00,0.6640124095139608,0.6505558428128232,0.6257044984488108,0.6035677352637021,0.687693898655636
2014-01-15 16:00:00,0.680144777662875,0.661491726990693,0.6346626163391935,0.6091563254050327,0.7315149948293692
2014-01-16 16:00:00,0.6950620475698036,0.6718976215098241,0.641707600827301,0.6151284039986211,0.7322905894519132
2014-01-17 16:00:00,0.7079886246122027,0.6800413650465358,0.6486427094105482,0.6202473285074113,0.7237590486039297
2014-01-21 16:00:00,0.7182523267838676,0.6875258531540848,0.6542528438469495,0.6253059289900035,0.7160031023784902
2014-01-22 16:00:00,0.724120992761117,0.6940667011375389,0.6600245604963807,0.6305325749741469,0.7170372285418821
2014-01-23 16:00:00,0.7245863495346432,0.702365563598759,0.666610651499483,0.6362504308859014,0.7338417786970011
2014-01-24 16:00:00,0.7179937952430198,0.7065279214064116,0.671147880041365,0.6407962771458118,0.6993278179937953
2014-01-27 16:00:00,0.711039296794209,0.7095139607032058,0.6751938986556361,0.6451956221992416,0.6889865563598758
2014-01-28 16:00:00,0.7108066184074457,0.7145294725956566,0.6797117373319544,0.6507971389176145,0.7148397104446742
2014-01-29 16:00:00,0.7061013443640124,0.7151111685625647,0.6828335056876939,0.655506721820062,0.6935108583247156
2014-01-30 16:00:00,0.7026887280248191,0.713637538779731,0.687564632885212,0.6609875904860392,0.7167786970010341
2014-01-31 16:00:00,0.7050155118924508,0.7115046535677352,0.6917011375387798,0.6649732850741122,0.7109617373319546
2014-02-03 16:00:00,0.703852119958635,0.7074457083764218,0.6937435367114787,0.6682437090658392,0.6831695966907964
2014-02-04 16:00:00,0.7021975180972078,0.7065020682523268,0.6970139607032059,0.671669251982075,0.7065667011375387
2014-02-05 16:00:00,0.7043433298862462,0.7052223371251294,0.699644519131334,0.6750904860392968,0.7042399172699069
2014-02-06 16:00:00,0.703955532574974,0.7033221302998965,0.7028438469493278,0.6788478110996208,0.7148397104446742
2014-02-07 16:00:00,0.7145036194415719,0.7097595656670114,0.7081437435367115,0.6840184419165805,0.7637021716649431
2014-02-10 16:00:00,0.7285160289555325,0.7161840744570838,0.7128490175801447,0.6888572905894519,0.7532316442605999
2014-02-11 16:00:00,0.737202688728025,0.7197001034126165,0.7171147880041365,0.6930411926921751,0.75
2014-02-12 16:00:00,0.7472078593588419,0.7257755946225442,0.7204433815925544,0.6971475353326441,0.7542657704239918
2014-02-13 16:00:00,0.7570320579110652,0.7304937952430197,0.7220656670113754,0.7018743536711479,0.7639607032057911
2014-02-14 16:00:00,0.754110651499483,0.7343071354705275,0.7229058945191313,0.7059031368493623,0.7490951396070321
2014-02-18 16:00:00,0.7580920372285419,0.7433040330920372,0.7253748707342295,0.710263702171665,0.7731385729058946
2014-02-19 16:00:00,0.7589451913133403,0.7480739400206825,0.7272880041365046,0.7140339538090315,0.7542657704239918
2014-02-20 16:00:00,0.7615305067218201,0.7543691830403308,0.7297957600827301,0.7178860737676663,0.767192347466391
2014-02-21 16:00:00,0.7688210961737332,0.7629265770423992,0.7331243536711479,0.7228714236470184,0.8004136504653568
2014-02-24 16:00:00,0.7789038262668044,0.7665072388831438,0.7381334022750775,0.7275982419855224,0.7995087900723888
2014-02-25 16:00:00,0.7813857290589452,0.7697388831437436,0.7429614788004136,0.7318123061013444,0.7855480868665977
2014-02-26 16:00:00,0.7932006204756981,0.7760729058945192,0.7478865046535678,0.7367674939675974,0.8133402275077559
2014-02-27 16:00:00,0.8018097207859358,0.7816701137538781,0.7537228541882111,0.7408522923129955,0.8102378490175801
2014-02-28 16:00:00,0.8037487073422958,0.7862849017580147,0.7583893485005171,0.7434720785935885,0.8101085832471562
2014-03-03 16:00:00,0.8015770423991728,0.7902404343329889,0.762273784901758,0.7453507411237505,0.7886504653567735
2014-03-04 16:00:00,0.8053774560496382,0.7933815925542917,0.7683428128231645,0.7480437780075836,0.8045501551189246
2014-03-05 16:00:00,0.8107549120992762,0.8019777662874872,0.7750258531540849,0.7521845915201655,0.8402275077559462
2014-03-06 16:00:00,0.8181230610134437,0.8099663908996897,0.7821677869700102,0.7565193036883832,0.8470785935884179
2014-03-07 16:00:00,0.8139348500517062,0.808841778697001,0.7858841778697002,0.7583634953464323,0.7891675284384695
2014-03-10 16:00:00,0.8115046535677353,0.8065408479834538,0.7865240434332988,0.7609358841778696,0.7764994829369183
2014-03-11 16:00:00,0.8031282316442605,0.8042528438469493,0.7869958634953463,0.7633919338159255,0.7626680455015512
2014-03-12 16:00:00,0.7902016546018614,0.8004782833505687,0.7882755946225437,0.7654170975525679,0.7755946225439504
2014-03-13 16:00:00,0.7747673216132368,0.7964451913133402,0.7890576525336089,0.7679636332299206,0.7699069286452948
2014-03-14 16:00:00,0.7738107549120993,0.7938728024819028,0.7900788521199583,0.7702171664943119,0.7843846949327818
2014-03-17 16:00:00,0.7765511892450879,0.7940279214064117,0.7921341778696999,0.7728584970699756,0.7902016546018614
2014-03-18 16:00:00,0.7854963805584282,0.7943123061013444,0.7938469493278179,0.7769993105825576,0.8073940020682523
2014-03-19 16:00:00,0.7905894519131335,0.7903955532574973,0.796186659772492,0.7801490865218886,0.8010599793174767
2014-03-20 16:00:00,0.7971044467425026,0.7859358841778696,0.7979511375387797,0.7834238193726298,0.8024819027921406
2014-03-21 16:00:00,0.8010858324715615,0.7874482936918306,0.7981450361944157,0.78640554981041,0.8042916235780765
2014-03-24 16:00:00,0.8019131334022751,0.7892321613236813,0.7978865046535677,0.7874267493967596,0.7943381592554292
2014-03-25 16:00:00,0.7999999999999999,0.7927481902792141,0.7985005170630819,0.7889133057566357,0.7978283350568769
2014-03-26 16:00:00,0.7879007238883143,0.7892450879007239,0.7948616856256463,0.7885987590486038,0.7405635987590486
2014-03-27 16:00:00,0.7745087900723889,0.7858066184074457,0.7911259048603931,0.7879739744915547,0.7355222337125129
2014-03-28 16:00:00,0.7576008273009308,0.7793433298862461,0.7866080661840744,0.7865003447087211,0.7197518097207859
2014-03-31 16:00:00,0.7427352637021716,0.7723241985522232,0.7831760599793175,0.7855308514305412,0.720010341261634
2014-04-01 16:00:00,0.7312047569803517,0.765602378490176,0.7799573422957603,0.7844320923819373,0.7401758014477766
2014-04-02 16:00:00,0.7216132368148914,0.7547569803516029,0.77257626680455,0.7823767666321958,0.6926059979317477
2014-04-03 16:00:00,0.7087642192347466,0.7416365046535676,0.7637861944157186,0.779179593243709,0.671277145811789
2014-04-04 16:00:00,0.694622543950362,0.7261116856256464,0.7567799896587385,0.7741339193381593,0.6490434332988625
2014-04-07 16:00:00,0.6775853154084798,0.7101602895553258,0.7496962254395036,0.7686444329541539,0.6348241985522234
2014-04-08 16:00:00,0.6570320579110651,0.6941184074457082,0.7434332988624612,0.7637064805239573,0.6374095139607032
2014-04-09 16:00:00,0.6470785935884178,0.6843459152016546,0.7367955015511892,0.7580230954843158,0.6428386763185108
2014-04-10 16:00:00,0.5852119958634954,0.646988107549121,0.7163973629782836,0.7430799724233025,0.3619441571871768
2014-04-11 16:00:00,0.528076525336091,0.6113495346432264,0.6953464322647365,0.7281885556704585,0.36336608066184073
2014-04-14 16:00:00,0.46941571871768356,0.5735005170630817,0.6729123578076526,0.7132842123405723,0.34152016546018615
2014-04-15 16:00:00,0.4105997931747673,0.5338159255429162,0.649709152016546,0.6979102033781455,0.34332988624612204
2014-04-16 16:00:00,0.35170630816959675,0.4993924508790072,0.627074715615305,0.6815149948293692,0.3483712512926577
2014-04-17 16:00:00,0.34891416752843846,0.4670630816959669,0.6043497931747673,0.6648784901758016,0.34798345398138575
2014-04-21 16:00:00,0.3453205791106515,0.4366985522233713,0.5814051189245089,0.6500861771802827,0.34539813857290586
2014-04-22 16:00:00,0.34622543950361945,0.4078205791106515,0.5589904343329886,0.6357376766632197,0.34604446742502587
2014-04-23 16:00:00,0.34576008273009307,0.37817993795243027,0.5361491726990693,0.6216821785591177,0.3410031023784902
2014-04-24 16:00:00,0.34232161323681487,0.3470139607032058,0.5156799379524302,0.6068683212685281,0.3311789038262668
2014-04-25 16:00:00,0.33572905894519134,0.342321613236815,0.49465486039296797,0.5917054463977939,0.31502068252326787
2014-04-28 16:00:00,0.32805067218200623,0.33668562564632887,0.4740175801447777,0.5757928300586005,0.30700620475698037
2014-04-29 16:00:00,0.3190796277145812,0.3326525336091003,0.453076525336091,0.5594924164081352,0.30118924508790074
2014-04-30 16:00:00,0.31003102378490177,0.3278955532574975,0.4308557394002069,0.5424379524301965,0.2957600827300931
2014-05-01 16:00:00,0.30408479834539814,0.32320320579110656,0.4112978283350569,0.5257842123405723,0.3014477766287487
2014-05-02 16:00:00,0.2999224405377456,0.31782574974146843,0.39244441571871774,0.5088417786970011,0.2942088934850052
2014-05-05 16:00:00,0.29438986556359875,0.31122026887280246,0.3739594105480869,0.49134350224060663,0.2793433298862461
2014-05-06 16:00:00,0.28800413650465356,0.3035418821096174,0.35568123061013457,0.47384091692519836,0.26926059979317474
2014-05-07 16:00:00,0.27970527404343326,0.2948681489141675,0.3365240434332989,0.45572216477076877,0.25426577042399173
2014-05-08 16:00:00,0.26765770423991725,0.2858712512926577,0.3164426059979318,0.4390770423991728,0.24120992761116858
2014-05-09 16:00:00,0.2568252326783868,0.27837383660806625,0.3103477249224406,0.4225611857980007,0.24004653567735265
2014-05-12 16:00:00,0.25196483971044464,0.2731773526370217,0.3049314891416752,0.4070708376421924,0.2550413650465357
2014-05-13 16:00:00,0.24821613236814893,0.2681101344364012,0.30038133402275075,0.39142106170286106,0.25051706308169597
2014-05-14 16:00:00,0.2510082730093071,0.2653567735263702,0.29662616339193376,0.3756894174422613,0.26822647362978286
2014-05-15 16:00:00,0.25698035160289556,0.2623190279214064,0.29276111685625644,0.3616382281971734,0.2710703205791106
2014-05-16 16:00:00,0.2625129265770424,0.25966907962771457,0.28874741468459153,0.34818597035505,0.2677094105480869
2014-05-19 16:00:00,0.26592554291623577,0.2589451913133402,0.28508273009307133,0.33562133746983797,0.2721044467425026
2014-05-20 16:00:00,0.2704756980351603,0.25934591520165456,0.281443898655636,0.32356945880730775,0.27326783867631854
2014-05-21 16:00:00,0.27119958634953467,0.26110392967942087,0.2779860392967942,0.31138400551533946,0.27184591520165463
2014-05-22 16:00:00,0.27184591520165463,0.26441313340227507,0.2751421923474664,0.29909944846604614,0.2743019648397104
2014-05-23 16:00:00,0.2732161323681489,0.26786452947259565,0.27311918304033084,0.2961866597724922,0.2745604963805584
2014-05-27 16:00:00,0.27776628748707344,0.27184591520165463,0.27251163391933814,0.2939029644950017,0.29485522233712513
2014-05-28 16:00:00,0.28076525336091,0.2756204756980352,0.27186530506721823,0.2921277145811789,0.28826266804550155
2014-05-29 16:00:00,0.28417786970010345,0.27768872802481903,0.2715227507755947,0.2903136849362289,0.2889089968976215
2014-05-30 16:00:00,0.28329886246122027,0.27757238883143753,0.26994570837642196,0.28769820751465014,0.2699069286452947
2014-06-02 16:00:00,0.2801447776628749,0.2766804550155119,0.26817476732161327,0.2847250947948984,0.25879007238883145
2014-06-03 16:00:00,0.2730868665977249,0.27542657704239915,0.26718588417786976,0.281864012409514,0.25956566701137535
2014-06-04 16:00:00,0.2661065149948294,0.2734358841778697,0.26639089968976215,0.27877456049638055,0.2533609100310238
2014-06-05 16:00:00,0.2609358841778697,0.27255687693898656,0.26683040330920377,0.27617631851085833,0.2630558428128232
2014-06-06 16:00:00,0.26039296794208894,0.27184591520165463,0.26812952430196485,0.27404343329886244,0.2671923474663909
2014-06-09 16:00:00,0.26357290589451915,0.271858841778697,0.26986168562564633,0.27269906928645293,0.2746897621509824
2014-06-10 16:00:00,0.265899689762151,0.26949327817993796,0.27066959669079627,0.2715055153395381,0.27119958634953467
2014-06-11 16:00:00,0.2699327817993795,0.2680196483971044,0.2718200620475698,0.2705834195105137,0.2735263702171665
2014-06-12 16:00:00,0.27406928645294726,0.2675025853154085,0.27259565667011376,0.27018269562219926,0.28373836608066183
2014-06-13 16:00:00,0.27758531540847986,0.2689891416752844,0.27328076525336087,0.2696268528093761,0.28477249224405377
2014-06-16 16:00:00,0.27947259565667015,0.2715227507755947,0.27410160289555324,0.2692907618062737,0.2841261633919338
2014-06-17 16:00:00,0.28285935884177865,0.27437952430196483,0.274903050672182,0.2695837642192348,0.28813340227507755
2014-06-18 16:00:00,0.28691830403309204,0.2784255429162358,0.2759307135470527,0.27040244743192005,0.2938210961737332
2014-06-19 16:00:00,0.2893743536711479,0.2817218200620476,0.277139348500517,0.271794208893485,0.29601861427094106
2014-06-20 16:00:00,0.2903309203722854,0.28395811789038256,0.2779020165460186,0.2734057221647708,0.28955532574974147
2014-06-23 16:00:00,0.2913391933815926,0.2854058945191313,0.2786323681489142,0.27504308859014137,0.2891675284384695
2014-06-24 16:00:00,0.2899948293691831,0.28642709410548084,0.2779601861427094,0.2759220958290245,0.28141158221303
2014-06-25 16:00:00,0.2901499482936919,0.2885341261633919,0.2782768872802482,0.27739141675284384,0.29459669079627715
2014-06-26 16:00:00,0.29211478800413654,0.29074457083764216,0.2791235780765253,0.27864529472595656,0.30584281282316444
2014-06-27 16:00:00,0.2982678386763185,0.2942993795243019,0.28164426059979325,0.28028697001034125,0.32032057911065154
2014-06-30 16:00:00,0.30811789038262666,0.29972854188210957,0.2856256463288522,0.282643915891072,0.33841778697001035
2014-07-01 16:00:00,0.32055325749741465,0.30527404343329884,0.28982678386763194,0.28502671492588766,0.34358841778696997
2014-07-02 16:00:00,0.33006721820062046,0.3101085832471562,0.29426706308169603,0.28732333678042055,0.3421664943123061
2014-07-03 16:00:00,0.3358583247156153,0.3139865563598759,0.2978541882109618,0.2894217511203033,0.3347983453981386
2014-07-07 16:00:00,0.33557394002068247,0.3169208893485005,0.3004395036194416,0.2909083074801792,0.3188986556359876
2014-07-08 16:00:00,0.3272750775594622,0.31769648397104444,0.30155118924508795,0.2916537400896243,0.296923474663909
2014-07-09 16:00:00,0.3173991726990693,0.31897621509824203,0.30270165460186144,0.29163219579455363,0.2942088934850052
2014-07-10 16:00:00,0.30630816959669077,0.31818769389865564,0.3033609100310237,0.29158048948638404,0.28671147880041364
2014-07-11 16:00:00,0.2981644260599793,0.3170113753877973,0.30387797311271975,0.29175284384694933,0.2940796277145812
2014-07-14 16:00:00,0.2921923474663909,0.3138831437435367,0.30409126163391936,0.29239055498104105,0.2890382626680455
2014-07-15 16:00:00,0.28960703205791105,0.30844105480868667,0.3040847983453982,0.293230782488797,0.2839968976215098
2014-07-16 16:00:00,0.2879007238883144,0.30264994829369185,0.3039619958634953,0.2941011720096518,0.28567735263702176
2014-07-17 16:00:00,0.2867631851085833,0.29653567735263703,0.3033221302998965,0.2950232678386763,0.281023784901758
2014-07-18 16:00:00,0.2854188210961737,0.2917916235780765,0.30288908996897623,0.29583333333333334,0.2873578076525336
2014-07-21 16:00:00,0.28596173733195446,0.28907704239917265,0.30299896587383657,0.2966520165460186,0.29175284384694933
2014-07-22 16:00:00,0.28893485005170627,0.28927094105480866,0.30348371251292655,0.29745777318166144,0.2988624612202689
2014-07-23 16:00:00,0.2922182006204757,0.29005946225439505,0.3045178386763185,0.2984875904860393,0.3020941054808687
2014-07-24 16:00:00,0.29702688728024823,0.2918950361944157,0.3050413650465357,0.29953895208548775,0.3050672182006205
2014-07-25 16:00:00,0.30064632885212,0.29303257497414686,0.30502197518097207,0.3002628403998621,0.3054550155118924
2014-07-28 16:00:00,0.3010341261633919,0.2934979317476732,0.3036905377456049,0.3005601516718372,0.2936918304033092
2014-07-29 16:00:00,0.3000258531540848,0.29448035160289554,0.30146070320579105,0.30088331609789715,0.2938210961737332
2014-07-30 16:00:00,0.30018097207859357,0.29619958634953464,0.2994247673216132,0.30137452602550835,0.30286970010341263
2014-07-31 16:00:00,0.29648397104446744,0.2967554291623578,0.2966455532574974,0.3011332299207169,0.2865822130299897
2014-08-01 16:00:00,0.3006721820062047,0.3006592554291624,0.29622543950361946,0.30214581178903815,0.3263960703205791
2014-08-04 16:00:00,0.31147880041365045,0.3062564632885212,0.29766675284384697,0.3040847983453981,0.3477249224405377
2014-08-05 16:00:00,0.32259565667011375,0.31131075491209925,0.300290847983454,0.3060927266459841,0.34940537745604966
2014-08-06 16:00:00,0.33159255429162354,0.31588676318510855,0.30297311271975186,0.30830748017924847,0.34785418821096176
2014-08-07 16:00:00,0.3453722854188211,0.32092812823164424,0.30641158221303,0.31033695277490525,0.3554808686659773
2014-08-08 16:00:00,0.35261116856256464,0.3266416752843847,0.3098371251292658,0.31222854188210963,0.36259048603929683
2014-08-11 16:00:00,0.355377456049638,0.33342812823164425,0.31346302998965875,0.31360306790761805,0.36155635987590484
2014-08-12 16:00:00,0.3557394002068252,0.3391675284384695,0.3168239400206826,0.3140296449500173,0.35121509824198555
2014-08-13 16:00:00,0.35682523267838673,0.3442088934850051,0.32020423991726993,0.3143528093760772,0.35328335056876936
2014-08-14 16:00:00,0.3569544984488107,0.3511633919338159,0.3239594105480869,0.31481816614960356,0.35612719751809724
2014-08-15 16:00:00,0.3551964839710444,0.3539038262668045,0.3272815408479835,0.31545156842468114,0.3538004136504654
2014-08-18 16:00:00,0.35403309203722855,0.35470527404343327,0.33048086866597726,0.31667959324370915,0.3557394002068252
2014-08-19 16:00:00,0.3608324715615305,0.3582859358841779,0.33479834539813863,0.31962254395036205,0.38521199586349536
2014-08-20 16:00:00,0.3657962771458118,0.3613107549120993,0.33859875904860404,0.3224189934505344,0.3781023784901758
2014-08-21 16:00:00,0.3694157187176835,0.3631851085832471,0.3420566184074457,0.32533609100310246,0.37422440537745605
2014-08-22 16:00:00,0.3742502585315408,0.3647233712512926,0.3456825232678387,0.32813254050327484,0.3779731127197518
2014-08-25 16:00:00,0.3771458117890382,0.36558945191313347,0.3495087900723889,0.3308385039641504,0.3702171664943123
2014-08-26 16:00:00,0.3753619441571872,0.36809720785935884,0.3536323681489141,0.3339150293002413,0.3762926577042399
2014-08-27 16:00:00,0.3732936918304033,0.3695449844881076,0.3568769389865563,0.3366511547742158,0.36776111685625645
2014-08-28 16:00:00,0.37375904860392967,0.3715873836608066,0.36137538779731126,0.33983540158566017,0.3765511892450879
2014-08-29 16:00:00,0.3734229576008273,0.3738366080661841,0.3638702171664943,0.3427998965873837,0.3762926577042399
2014-09-02 16:00:00,0.37753360910031025,0.3773397104446743,0.3660224922440538,0.3461004825922096,0.390770423991727
2014-09-03 16:00:00,0.3777404343329886,0.37655118924508785,0.36741856256463284,0.3487159600137883,0.37732678386763185
2014-09-04 16:00:00,0.37988624612202687,0.3765899689762151,0.36895036194415715,0.3512624956911409,0.3784901758014478
2014-09-05 16:00:00,0.3826266804550155,0.3781928645294726,0.37068898655635985,0.3541020337814546,0.39025336091003104
2014-09-08 16:00:00,0.3858841778697001,0.37965356773526365,0.37218846949327816,0.3570062047569803,0.3925801447776629
2014-09-09 16:00:00,0.3879782833505688,0.38275594622543946,0.3741726990692864,0.36059117545673897,0.4012409513960703
2014-09-10 16:00:00,0.3992761116856256,0.38850827300930707,0.37830274043433293,0.36525766976904506,0.43381592554291626
2014-09-11 16:00:00,0.41124612202688726,0.3955661840744571,0.38255558428128233,0.36977335401585654,0.4383402275077559
2014-09-12 16:00:00,0.4191571871768356,0.4008919338159255,0.386239658738366,0.3745475698035159,0.4298086866597725
2014-09-15 16:00:00,0.4213029989658738,0.403593588417787,0.3887150982419855,0.37711134091692516,0.40330920372285417
2014-09-16 16:00:00,0.4217683557394002,0.40487331954498446,0.3911065149948294,0.37897276801103064,0.40356773526370215
2014-09-17 16:00:00,0.4156928645294726,0.40748448810754917,0.39201783867631856,0.38077387107893823,0.4034384694932782
2014-09-18 16:00:00,0.40871251292657707,0.40997931747673216,0.3932846432264737,0.3826266804550155,0.4034384694932782
2014-09-19 16:00:00,0.4017838676318511,0.41047052740434337,0.394331695966908,0.38394950017235435,0.39516546018614274
2014-09-22 16:00:00,0.396277145811789,0.40879007238883147,0.39422182006204765,0.38438900379179597,0.37577559462254395
2014-09-23 16:00:00,0.3903050672182007,0.40603671147880044,0.39439632885211995,0.3847940365391245,0.3737073422957601
2014-09-24 16:00:00,0.3851085832471562,0.4004007238883144,0.3944544984488108,0.38566873491899345,0.37745604963805585
2014-09-25 16:00:00,0.37704239917269905,0.3928774560496381,0.39422182006204765,0.3859962082040676,0.36310754912099275
2014-09-26 16:00:00,0.37194932781799384,0.3868665977249225,0.3938792657704241,0.38644863840055166,0.3697001034126164
2014-09-29 16:00:00,0.37065667011375386,0.38346690796277144,0.3935302481902793,0.38696570148224757,0.36931230610134436
2014-09-30 16:00:00,0.3701913133402275,0.380248190279214,0.39256075491209935,0.3874870734229577,0.3713805584281282
2014-10-01 16:00:00,0.3665977249224406,0.37585315408479836,0.39166882109617374,0.38662961047914524,0.35948810754912097
2014-10-02 16:00:00,0.3652792140641158,0.37116080661840745,0.3905700620475699,0.38591003102378496,0.35651499482936916
2014-10-03 16:00:00,0.3664943123061013,0.36922182006204757,0.3898461737331954,0.38596173733195455,0.37577559462254395
2014-10-06 16:00:00,0.3675801447776629,0.3691184074457084,0.38895423991726985,0.38585401585660123,0.374741468459152
2014-10-07 16:00:00,0.3665718717683557,0.3683815925542916,0.387209152016546,0.38572475008617724,0.36633919338159254
2014-10-08 16:00:00,0.3699069286452947,0.36825232678386755,0.3843265253360909,0.38572044122716304,0.3761633919338159
2014-10-09 16:00:00,0.3729576008273009,0.3691184074457084,0.3809979317476732,0.38585401585660123,0.3717683557394002
2014-10-10 16:00:00,0.3660548086866598,0.3662745604963806,0.37657057911065156,0.3846776973457429,0.34126163391933817
2014-10-13 16:00:00,0.357445708376422,0.3625129265770424,0.37298991726990705,0.38319114098586704,0.33169596690796277
2014-10-14 16:00:00,0.3520423991726991,0.35930713547052745,0.3697776628748708,0.3814762150982421,0.3393226473629783
2014-10-15 16:00:00,0.35333505687693895,0.36162099276111687,0.36873707342295764,0.3816528783178215,0.3826266804550155
2014-10-16 16:00:00,0.3571613236814892,0.36505946225439506,0.3681101344364013,0.38206652878317826,0.39089968976215095
2014-10-17 16:00:00,0.36623578076525337,0.3661452947259566,0.36768355739400205,0.38194588073078256,0.38663391933815927
2014-10-20 16:00:00,0.3785160289555326,0.3679808686659772,0.36854963805584284,0.38196311616683915,0.39309720785935887
2014-10-21 16:00:00,0.38965873836608067,0.37085056876938993,0.3696160806618408,0.38175629093416075,0.3950361944157187
2014-10-22 16:00:00,0.3908479834539814,0.37209152016546015,0.37017192347466393,0.38024819027921414,0.3885729058945191
2014-10-23 16:00:00,0.3923216132368149,0.374741468459152,0.37192993795243023,0.378912443984833,0.3982678386763185
2014-10-24 16:00:00,0.3961737331954499,0.3812047569803516,0.3737396587383661,0.37811530506721835,0.405894519131334
2014-10-27 16:00:00,0.4026628748707342,0.39058945191313343,0.37655118924508796,0.37885642881764925,0.4255429162357808
2014-10-28 16:00:00,0.41008273009307133,0.3998707342295761,0.37958893485005174,0.37980868665977263,0.43213547052740436
2014-10-29 16:00:00,0.41783867631851085,0.40434332988624616,0.38298216132368157,0.38060582557738726,0.42735263702171666
2014-10-30 16:00:00,0.4221561530506722,0.40723888314374357,0.3861491726990694,0.38115305067218214,0.4198552223371251
2014-10-31 16:00:00,0.44689762150982426,0.42153567735263703,0.3938404860392969,0.38563426404688056,0.5296018614270941
2014-11-03 16:00:00,0.46734746639089975,0.43500517063081695,0.4014930196483972,0.390701482247501,0.5277921406411582
2014-11-04 16:00:00,0.4897362978283351,0.4499095139607032,0.4103800413650466,0.39638055842812836,0.5440796277145812
2014-11-05 16:00:00,0.5114270941054809,0.4646328852119959,0.41836220268872804,0.4016589107204413,0.5358066184074457
2014-11-06 16:00:00,0.5351602895553257,0.4786582213029989,0.42669984488107543,0.40750603240261984,0.5385211995863495
2014-11-07 16:00:00,0.5391933815925544,0.4930455015511893,0.43712512926577035,0.41350827300930715,0.5497673216132368
2014-11-10 16:00:00,0.5450361944157187,0.5061918304033093,0.4483906411582212,0.41976473629782834,0.5570062047569804
2014-11-11 16:00:00,0.5486556359875905,0.5191959669079629,0.4595333505687693,0.42612461220268866,0.56217683557394
2014-11-12 16:00:00,0.556928645294726,0.5341778697001034,0.4692605997931746,0.43338073078248873,0.577171664943123
2014-11-13 16:00:00,0.5614012409513961,0.5482807652533609,0.477759824198552,0.4401930368838331,0.5608841778697001
2014-11-14 16:00:00,0.5663133402275078,0.552753360910031,0.4871445191313337,0.4468114443295414,0.5743278179937953
2014-11-17 16:00:00,0.5653050672182006,0.5551706308169596,0.4950879007238881,0.4527188900379178,0.5519648397104447
2014-11-18 16:00:00,0.5628231644260601,0.5557394002068251,0.502824457083764,0.45883316097897253,0.5497673216132368
2014-11-19 16:00:00,0.5531540847983454,0.5550413650465356,0.5098371251292656,0.46392192347466377,0.5288262668045501
2014-11-20 16:00:00,0.5499741468459153,0.5556876938986557,0.5171729576008273,0.46969579455360216,0.5449844881075491
2014-11-21 16:00:00,0.5432006204756981,0.5547569803516028,0.523901240951396,0.4763357462943812,0.5404601861427094
2014-11-24 16:00:00,0.5432264736297828,0.5542657704239917,0.5302288004136505,0.48368235091347794,0.5520941054808687
2014-11-25 16:00:00,0.5449327817993795,0.5538779731127197,0.5365369700103413,0.4909815580834195,0.5582988624612203
2014-11-26 16:00:00,0.5524819027921406,0.552817993795243,0.5434979317476732,0.4971130644605309,0.5665718717683558
2014-11-28 16:00:00,0.553464322647363,0.5517192347466391,0.55,0.5024129610479146,0.5498965873836608
2014-12-01 16:00:00,0.5553774560496382,0.5492890382626678,0.5510211995863494,0.5078593588417787,0.5500258531540848
2014-12-02 16:00:00,0.5587900723888314,0.551008273009307,0.5530894519131333,0.5137280248190279,0.5691571871768356
2014-12-03 16:00:00,0.563831437435367,0.5543821096173731,0.5550607549120993,0.5200103412616339,0.5835056876938987
2014-12-04 16:00:00,0.566546018614271,0.5595139607032059,0.5572776628748707,0.5263960703205791,0.5801447776628749
2014-12-05 16:00:00,0.5764219234746639,0.5649431230610134,0.5603154084798344,0.533096346087556,0.5992761116856257
2014-12-08 16:00:00,0.5841520165460187,0.5697647362978283,0.5622608583247156,0.5391890727335401,0.5886763185108583
2014-12-09 16:00:00,0.591028955532575,0.5749095139607032,0.5645876421923474,0.5451223715960012,0.6035418821096173
2014-12-10 16:00:00,0.5917269906928645,0.5777792140641158,0.5658285935884177,0.5502843846949328,0.5869958634953464
2014-12-11 16:00:00,0.6017321613236815,0.5841390899689762,0.5684785418821096,0.5570449844881075,0.6301706308169597
2014-12-12 16:00:00,0.6091520165460186,0.5927869700103412,0.5722531023784901,0.5642623233367804,0.6363753877973113
2014-12-15 16:00:00,0.619364012409514,0.6017580144777663,0.5755235263702172,0.5679334712168217,0.6397362978283351
2014-12-16 16:00:00,0.6222854188210962,0.6066571871768356,0.5788327300930712,0.5709453636677008,0.6181489141675285
2014-12-17 16:00:00,0.6315925542916235,0.611659772492244,0.5830209410548087,0.5739270941054809,0.6335315408479835
2014-12-18 16:00:00,0.6355480868665977,0.6186401240951397,0.5890770423991727,0.5777318166149604,0.6499482936918304
2014-12-19 16:00:00,0.6373578076525336,0.6232549120992761,0.5940990175801447,0.5812952430196484,0.6454239917269907
2014-12-22 16:00:00,0.6386504653567734,0.6290072388831437,0.599385987590486,0.5845096518441917,0.6461995863495347
2014-12-23 16:00:00,0.6460703205791107,0.6341778697001035,0.6045436918304032,0.5877843846949329,0.655248190279214
2014-12-24 16:00:00,0.6534643226473631,0.6425284384694934,0.6101538262668045,0.5913952085487765,0.670501551189245
2014-12-26 16:00:00,0.6584022750775596,0.6469751809720786,0.6155571354705273,0.5946440882454327,0.6746380558428128
2014-12-29 16:00:00,0.6586349534643228,0.6479963805584282,0.6203916752843845,0.5975008617718028,0.6465873836608067
2014-12-30 16:00:00,0.6569027921406412,0.6477766287487072,0.6247673216132367,0.5996078938297139,0.6375387797311272
2014-12-31 16:00:00,0.6536452947259566,0.6498578076525336,0.6282574974146846,0.6025077559462255,0.6389607032057911
2015-01-02 16:00:00,0.6448293691830403,0.6491468459152017,0.630403309203723,0.6050629093416064,0.626421923474664
2015-01-05 16:00:00,0.6367114788004137,0.6475568769389867,0.6330985005170631,0.6085703205791106,0.6340486039296794
2015-01-06 16:00:00,0.6313857290589452,0.6450103412616339,0.6341326266804549,0.6110694588073078,0.6199586349534644
2015-01-07 16:00:00,0.6289296794208894,0.6429162357807653,0.6359617373319545,0.6138960703205791,0.625258531540848
2015-01-08 16:00:00,0.6309203722854189,0.6422828335056877,0.6382303516028954,0.6171234057221647,0.6489141675284386
2015-01-09 16:00:00,0.6330661840744571,0.6389477766287487,0.640738107549121,0.6197518097207859,0.6371509824198552
2015-01-12 16:00:00,0.6339451913133403,0.6353283350568769,0.6411517580144778,0.622147535332644,0.6384436401240952
2015-01-13 16:00:00,0.6347983453981386,0.6330920372285419,0.640544208893485,0.6246251292657705,0.624224405377456
2015-01-14 16:00:00,0.6365822130299897,0.6327559462254395,0.6402662874870734,0.6274301964839711,0.6341778697001035
2015-01-15 16:00:00,0.6220010341261635,0.6264607032057912,0.6381592554291622,0.6276585660117201,0.5760082730093071
2015-01-16 16:00:00,0.6108066184074457,0.6219364012409514,0.6355416235780764,0.6275810065494657,0.5811789038262668
2015-01-20 16:00:00,0.5983712512926577,0.6161582213029989,0.6318575491209927,0.6274517407790416,0.5762668045501551
2015-01-21 16:00:00,0.5854963805584281,0.6101473629782833,0.6275788521199587,0.6261375387797312,0.5598500517063082
2015-01-22 16:00:00,0.5707600827300932,0.6036711478800414,0.6232936918304033,0.6251982075146502,0.5604963805584281
2015-01-23 16:00:00,0.5704498448810755,0.5962254395036196,0.6192541365046537,0.6242287142364702,0.5744570837642192
2015-01-26 16:00:00,0.5695449844881075,0.5901758014477766,0.6145617890382628,0.6238840055153396,0.5766546018614271
2015-01-27 16:00:00,0.5676577042399172,0.5830144777662875,0.6091714064115823,0.6217726645984143,0.5668304033092038
2015-01-28 16:00:00,0.566158221302999,0.5758273009307135,0.6044596690796278,0.6189719062392278,0.5523526370217167
2015-01-29 16:00:00,0.5648655635987591,0.567812823164426,0.6002843846949328,0.6161151327128578,0.5540330920372285
2015-01-30 16:00:00,0.5579369183040331,0.5641933815925543,0.5953270423991727,0.613503964150293,0.5398138572905894
2015-02-02 16:00:00,0.5487849017580144,0.559164943123061,0.5905506721820061,0.6100827300930713,0.530894519131334
2015-02-03 16:00:00,0.545501551189245,0.5565796277145812,0.5863689245087901,0.6067649086521889,0.5504136504653567
2015-02-04 16:00:00,0.5440279214064115,0.5550930713547053,0.5826202171664944,0.6034169251982076,0.5449844881075491
2015-02-05 16:00:00,0.5446483971044468,0.5547569803516029,0.5792140641158221,0.6004481213374698,0.5571354705274044
2015-02-06 16:00:00,0.5422699069286453,0.5501034126163392,0.5731644260599794,0.5962038952085489,0.5279214064115823
2015-02-09 16:00:00,0.5395294725956566,0.5441571871768356,0.5671664943123061,0.591093588417787,0.5171923474663909
2015-02-10 16:00:00,0.5358066184074457,0.5406540847983454,0.5618342812823166,0.58633229920717,0.531799379524302
2015-02-11 16:00:00,0.532574974146846,0.5383014477766288,0.5570643743536712,0.5824069286452946,0.5288262668045501
2015-02-12 16:00:00,0.5291882109617374,0.5369183040330919,0.5523655635987592,0.5791623578076526,0.5402016546018614
2015-02-13 16:00:00,0.5352119958634953,0.5387409513960704,0.5514671664943124,0.5764650120648053,0.5580403309203723
2015-02-17 16:00:00,0.5482419855222337,0.5438857290589452,0.5515253360910032,0.5749956911409859,0.5823422957600827
2015-02-18 16:00:00,0.5544208893485005,0.545113753877973,0.5508466907962771,0.5726172009651845,0.562693898655636
2015-02-19 16:00:00,0.5660548086866598,0.5493148914167529,0.552203981385729,0.5715184419165805,0.5869958634953464
2015-02-20 16:00:00,0.5848500517063082,0.5570191313340228,0.555888055842813,0.5718157531885558,0.6341778697001035
2015-02-23 16:00:00,0.5959927611168562,0.5656023784901757,0.5578528955532576,0.5706437435367115,0.6137538779731126
2015-02-24 16:00:00,0.6011375387797311,0.5746897621509824,0.5594234746639091,0.5696742502585317,0.6080661840744571
2015-02-25 16:00:00,0.6096949327817993,0.58205791106515,0.5613559979317478,0.5685754912099276,0.6054808686659773
2015-02-26 16:00:00,0.6122026887280249,0.5891287487073423,0.5637150982419856,0.5677524991382281,0.5995346432264737
2015-02-27 16:00:00,0.6045501551189244,0.5947001034126163,0.5658092037228541,0.5664770768700448,0.5959152016546019
2015-03-02 16:00:00,0.6032574974146846,0.5996251292657704,0.5691830403309204,0.5675198207514649,0.607290589451913
2015-03-03 16:00:00,0.6030765253360909,0.6021070320579109,0.5729963805584282,0.5683859014133056,0.6071613236814891
2015-03-04 16:00:00,0.6011633919338158,0.6054291623578076,0.5752714581178903,0.5690408479834538,0.5959152016546019
2015-03-05 16:00:00,0.6014736297828335,0.6068381592554293,0.5780765253360909,0.5704153740089624,0.6010858324715616
2015-03-06 16:00:00,0.6016028955532575,0.603076525336091,0.5800478283350567,0.5716175456739053,0.5965615305067218
2015-03-09 16:00:00,0.5976215098241986,0.6004395036194417,0.5830209410548086,0.5720484315753186,0.5873836608066184
2015-03-10 16:00:00,0.5821871768355739,0.5926318510858325,0.5836608066184072,0.5704929334712167,0.5299896587383661
2015-03-11 16:00:00,0.5685108583247157,0.5848371251292659,0.5834475180972077,0.5691830403309203,0.5275336091003102
2015-03-12 16:00:00,0.551551189245088,0.5765124095139609,0.5828205791106515,0.5679808686659771,0.516287487073423
2015-03-13 16:00:00,0.540899689762151,0.5712512926577044,0.5829756980351604,0.5676232333678041,0.5433040330920372
2015-03-16 16:00:00,0.5343329886246122,0.5659772492244055,0.5828011892450878,0.5681144432954153,0.5545501551189245
2015-03-17 16:00:00,0.5397362978283351,0.5609617373319545,0.5815343846949328,0.5689848328162702,0.5570062047569804
2015-03-18 16:00:00,0.5491985522233713,0.5588547052740434,0.5821419338159255,0.5697992071699414,0.5748448810754913
2015-03-19 16:00:00,0.5619958634953465,0.5567735263702172,0.5818058428128232,0.5709755256807998,0.5802740434332989
2015-03-20 16:00:00,0.5686659772492245,0.5547828335056877,0.5789296794208894,0.5716261633919338,0.5766546018614271
2015-03-23 16:00:00,0.5728024819027921,0.5535677352637022,0.577003619441572,0.5732032057911066,0.5752326783867632
2015-03-24 16:00:00,0.5717166494312307,0.5557264736297828,0.5741791623578076,0.5743493622888661,0.5515770423991727
2015-03-25 16:00:00,0.5608324715615306,0.5550155118924508,0.5699263185108583,0.5739701826956223,0.5204239917269907
2015-03-26 16:00:00,0.55064632885212,0.5563210961737332,0.566416752843847,0.5739874181316788,0.5293433298862462
2015-03-27 16:00:00,0.5419855222337124,0.5553257497414684,0.5632885211995864,0.5737590486039297,0.5333505687693898
2015-03-30 16:00:00,0.5393226473629783,0.5560625646328854,0.5610199069286453,0.5738883143743536,0.5619183040330921
2015-03-31 16:00:00,0.5394002068252326,0.5555584281282315,0.5582600827300931,0.5728757325060324,0.5519648397104447
2015-04-01 16:00:00,0.5423474663908996,0.551589968976215,0.5552223371251291,0.571957945536022,0.5351602895553257
2015-04-02 16:00:00,0.544105480868666,0.547375904860393,0.5520747156153051,0.5703291968286798,0.5381334022750776
2015-04-06 16:00:00,0.547828335056877,0.5449069286452948,0.5498448810754912,0.5675887624956911,0.5519648397104447
2015-04-07 16:00:00,0.5488624612202689,0.5440925542916236,0.5488301447776629,0.5660332643915891,0.5670889348500516
2015-04-08 16:00:00,0.5558945191313341,0.5476473629782833,0.551686918304033,0.5653352292312994,0.5871251292657704
2015-04-09 16:00:00,0.5674250258531541,0.5548862461220269,0.5549508790072388,0.5649129610479146,0.5928128231644261
2015-04-10 16:00:00,0.5798345398138572,0.5619700103412615,0.5591455532574974,0.5649345053429852,0.6001809720785936
2015-04-13 16:00:00,0.5892967942088935,0.5685625646328851,0.5619441571871767,0.5650465356773526,0.5992761116856257
2015-04-14 16:00:00,0.5969493278179939,0.5729058945191313,0.5644842295760083,0.5649819027921407,0.6053516028955532
2015-04-15 16:00:00,0.6048603929679423,0.5803774560496381,0.5679679420889349,0.5656325405032747,0.6266804550155118
2015-04-16 16:00:00,0.6108841778697002,0.5891546018614272,0.5703722854188211,0.5665330920372286,0.6229317476732161
2015-04-17 16:00:00,0.6133143743536712,0.5965744570837642,0.5719751809720787,0.5669079627714583,0.6123319544984488
2015-04-20 16:00:00,0.6164426059979318,0.6028697001034127,0.5738883143743537,0.567519820751465,0.6149172699069286
2015-04-21 16:00:00,0.6209152016546019,0.6089322647362979,0.5765124095139608,0.5688641847638747,0.6277145811789039
2015-04-22 16:00:00,0.618846949327818,0.6118536711478801,0.5797505170630818,0.5717425025853154,0.6163391933815926
2015-04-23 16:00:00,0.6206825232678387,0.6157833505687694,0.5853347983453983,0.5752283695277491,0.6321096173733195
2015-04-24 16:00:00,0.6217425025853154,0.6175284384694933,0.5897492244053775,0.5786065149948294,0.6176318510858325
2015-04-27 16:00:00,0.6202430196483972,0.6183428128231644,0.5934526887280248,0.5807437090658395,0.6074198552223371
2015-04-28 16:00:00,0.6173216132368149,0.6191184074457085,0.5960121509824199,0.5826956221992416,0.6131075491209927
2015-04-29 16:00:00,0.615149948293692,0.6169984488107549,0.5986879524301965,0.5843114443295415,0.6054808686659773
2015-04-30 16:00:00,0.606670113753878,0.6136763185108584,0.6014154601861428,0.584806963116167,0.5897104446742503
2015-05-01 16:00:00,0.6001809720785937,0.6109617373319546,0.6037680972078594,0.584970699758704,0.5851861427094106
2015-05-04 16:00:00,0.5972337125129267,0.6087383660806618,0.6058040330920371,0.5855049982764564,0.5926835573940021
2015-05-05 16:00:00,0.5871768355739401,0.6022492244053775,0.6055907445708377,0.5850913478110998,0.56282316442606
2015-05-06 16:00:00,0.5833247156153051,0.5992373319544986,0.6055455015511894,0.5862461220268874,0.5862202688728025
2015-05-07 16:00:00,0.5820062047569804,0.5943381592554293,0.6050607549120994,0.5883359186487421,0.5831178903826266
2015-05-08 16:00:00,0.6045243019648396,0.6023526370217166,0.609940537745605,0.5939503619441573,0.6977766287487073
2015-05-11 16:00:00,0.6272233712512927,0.6122285418821095,0.615285677352637,0.5997113064460532,0.7061789038262668
2015-05-12 16:00:00,0.6546535677352637,0.6209152016546019,0.6200168045501552,0.6043131678731474,0.6999741468459152
2015-05-13 16:00:00,0.6770941054808686,0.6302094105480869,0.6236039296794209,0.6091951051361599,0.6984229576008273
2015-05-14 16:00:00,0.7042916235780765,0.6431489141675285,0.6284126163391933,0.6153266115132713,0.719105480868666
2015-05-15 16:00:00,0.7107032057911066,0.6576137538779733,0.6342877456049638,0.6217166494312306,0.7298345398138573
2015-05-18 16:00:00,0.7184850051706307,0.6728541882109618,0.6407962771458117,0.6281540847983451,0.7450879007238883
2015-05-19 16:00:00,0.7261892450879007,0.6904214064115822,0.6463353154084798,0.6338676318510856,0.7384953464322648
2015-05-20 16:00:00,0.7390382626680455,0.7080661840744571,0.6536517580144777,0.6397190623922784,0.7626680455015512
2015-05-21 16:00:00,0.7498190279214063,0.7270553257497413,0.6606967425025853,0.6457256118579799,0.7730093071354704
2015-05-22 16:00:00,0.7593071354705273,0.7350051706308168,0.6686789038262668,0.6516287487073421,0.7772750775594623
2015-05-26 16:00:00,0.7646845915201653,0.741584798345398,0.6769066701137538,0.657385384350224,0.7719751809720786
2015-05-27 16:00:00,0.7730610134436401,0.7496251292657704,0.6852701654601862,0.6632195794553603,0.780377456049638
2015-05-28 16:00:00,0.7783867631851085,0.758712512926577,0.6944609617373317,0.6686401240951395,0.7892967942088935
2015-05-29 16:00:00,0.7809979317476733,0.76540847983454,0.7042786970010342,0.6740779041709755,0.7860651499482937
2015-06-01 16:00:00,0.7800930713547053,0.7697001034126164,0.7136569286452947,0.6794251982075147,0.7727507755946226
2015-06-02 16:00:00,0.7784126163391933,0.7715486039296794,0.7222013960703205,0.6843803860737676,0.7635729058945191
2015-06-03 16:00:00,0.7800413650465358,0.7765511892450879,0.7334862978283349,0.689740606687349,0.7885211995863496
2015-06-04 16:00:00,0.7793950361944157,0.7788908996897621,0.7434785418821096,0.6953981385729057,0.7860651499482937
2015-06-05 16:00:00,0.7858583247156153,0.7834281282316444,0.755241726990693,0.7016072044122715,0.8183815925542917
2015-06-08 16:00:00,0.7930972078593589,0.7865951396070321,0.7608001551189246,0.7079843157531884,0.8089451913133402
2015-06-09 16:00:00,0.8000258531540848,0.789219234746639,0.7654020165460186,0.7143441916580489,0.7982161323681489
2015-06-10 16:00:00,0.8037745604963805,0.7919079627714579,0.7707665460186143,0.7208160978972766,0.8072647362978284
2015-06-11 16:00:00,0.8092037228541883,0.794299379524302,0.7765059462254398,0.7277404343329886,0.8132109617373319
2015-06-12 16:00:00,0.8106773526370217,0.7982678386763185,0.7818381592554292,0.7356084108927956,0.8257497414684591
2015-06-15 16:00:00,0.8140641158221303,0.8035806618407446,0.7866403826266806,0.7436315063771114,0.8258790072388832
2015-06-16 16:00:00,0.8264994829369183,0.8132626680455016,0.7924056359875905,0.752555153395381,0.860392967942089
2015-06-17 16:00:00,0.8349793174767323,0.8193769389865562,0.797964064115822,0.7621165115477423,0.8496639089968977
2015-06-18 16:00:00,0.8460961737331953,0.8276499482936919,0.803270423991727,0.7715356773526372,0.8687952430196483
2015-06-19 16:00:00,0.8533350568769389,0.8320062047569804,0.8077171664943124,0.7808298862461223,0.861944157187177
2015-06-22 16:00:00,0.8617114788004138,0.837887797311272,0.812241468459152,0.7864960358497073,0.8677611168562565
2015-06-23 16:00:00,0.8644002068252328,0.8454498448810757,0.8173345398138573,0.7920846259910378,0.873836608066184
2015-06-24 16:00:00,0.8675284384694932,0.8512538779731127,0.8215809203722853,0.7975956566701138,0.8653050672182006
2015-06-25 16:00:00,0.8691571871768355,0.8576266804550156,0.8259630299896586,0.8035461909686316,0.8769389865563599
2015-06-26 16:00:00,0.8673733195449844,0.8603541882109618,0.82931101344364,0.8080101689072734,0.8530248190279214
2015-06-29 16:00:00,0.859126163391934,0.8604188210961738,0.8319997414684592,0.8112331954498448,0.8265253360910031
2015-06-30 16:00:00,0.8593846949327818,0.8618924508790072,0.8375775594622542,0.8155679076180625,0.875129265770424
2015-07-01 16:00:00,0.8597983453981387,0.8636633919338161,0.841520165460186,0.8198638400551532,0.8673733195449844
2015-07-02 16:00:00,0.8576266804550156,0.8633919338159256,0.8455209410548088,0.8233109272664597,0.8660806618407446
2015-07-06 16:00:00,0.8574974146845915,0.8624353671147881,0.8472207859358843,0.8259565667011375,0.8523784901758015
2015-07-07 16:00:00,0.8603154084798346,0.8597207859358843,0.8488042916235784,0.8280679076180627,0.8406153050672183
2015-07-08 16:00:00,0.8567476732161322,0.858066184074457,0.8517580144777666,0.8309117545673905,0.857290589451913
2015-07-09 16:00:00,0.8608066184074459,0.8603024819027923,0.8557781799379527,0.834488107549121,0.8876680455015512
2015-07-10 16:00:00,0.8640641158221303,0.8608453981385729,0.8592360392967944,0.8375904860392969,0.8823681489141676
2015-07-13 16:00:00,0.869493278179938,0.8634953464322647,0.8619247673216134,0.8407057911065151,0.8795243019648398
2015-07-14 16:00:00,0.8790847983453981,0.8697001034126164,0.8650594622543951,0.8445665287831783,0.8885729058945191
2015-07-15 16:00:00,0.8841778697001035,0.8704627714581179,0.8661776111685625,0.8485392967942089,0.8827559462254396
2015-07-16 16:00:00,0.8894519131334023,0.875129265770424,0.8693963288521198,0.8527231988969322,0.9140382626680454
2015-07-17 16:00:00,0.8934332988624614,0.8787487073422956,0.8710703205791106,0.8565968631506378,0.9022750775594622
2015-07-20 16:00:00,0.895268872802482,0.8823810754912099,0.8724082213029989,0.8589408824543262,0.8887021716649431
2015-07-21 16:00:00,0.8959669079627715,0.8875258531540847,0.8736233195449843,0.8617114788004138,0.8920630816959669
2015-07-22 16:00:00,0.8949844881075492,0.8895811789038263,0.8738236814891417,0.8643657359531198,0.8778438469493278
2015-07-23 16:00:00,0.8976473629782833,0.8935496380558426,0.8769260599793173,0.8683686659772493,0.9273526370217166
2015-07-24 16:00:00,0.8991726990692865,0.8963029989658737,0.8785741985522233,0.8715916925198207,0.9099017580144778
2015-07-27 16:00:00,0.8936142709410547,0.8944415718717682,0.8789684591520164,0.8727637021716649,0.8609100310237848
2015-07-28 16:00:00,0.8887538779731126,0.8923603929679419,0.8810302481902792,0.8741597724922439,0.8677611168562565
2015-07-29 16:00:00,0.8843588417786971,0.8896716649431231,0.8800672182006204,0.8740089624267493,0.8558686659772492
2015-07-30 16:00:00,0.8657962771458118,0.8817218200620475,0.8784255429162358,0.8735048259220958,0.8345398138572906
2015-07-31 16:00:00,0.8536711478800413,0.8764219234746637,0.8775853154084798,0.8728541882109617,0.8492761116856257
2015-08-03 16:00:00,0.8504136504653568,0.8720139607032057,0.8771975180972077,0.8722768011030677,0.844622543950362
2015-08-04 16:00:00,0.8450879007238884,0.8669208893485005,0.8772233712512926,0.8713891761461564,0.8411323681489141
2015-08-05 16:00:00,0.8472854188210963,0.8658221302998964,0.8777016546018614,0.8711564977593934,0.8668562564632886
2015-08-06 16:00:00,0.8473371251292655,0.8565667011375385,0.8750581695966905,0.8701396070320578,0.8347983453981386
2015-08-07 16:00:00,0.8551964839710443,0.854433815925543,0.8753684074457083,0.8705274043433299,0.8885729058945191
2015-08-10 16:00:00,0.8705015511892451,0.8604576008273009,0.8774495863495345,0.872798173043778,0.9211478800413652
2015-08-11 16:00:00,0.8810496380558428,0.8630687693898657,0.8777145811789039,0.8750430885901412,0.8938728024819028
2015-08-12 16:00:00,0.8893226473629783,0.8683040330920372,0.8789878490175802,0.8761461564977594,0.908221302998966
2015-08-13 16:00:00,0.9047828335056877,0.876059979317477,0.8788908996897623,0.8776370217166495,0.9120992761116856
2015-08-14 16:00:00,0.9112202688728025,0.8832083764219237,0.879815149948294,0.8794596690796279,0.9207600827300931
2015-08-17 16:00:00,0.9144777662874871,0.8924896587383662,0.8822518097207862,0.8822948983109274,0.9374353671147879
2015-08-18 16:00:00,0.9144260599793174,0.8977378490175801,0.8823293691830404,0.8840615305067219,0.8936142709410547
2015-08-19 16:00:00,0.908583247156153,0.8989529472595658,0.8823875387797311,0.8847854188210961,0.8790072388831438
2015-08-20 16:00:00,0.8842812823164427,0.894532057911065,0.8755493795243022,0.8815494657014823,0.7905894519131333
2015-08-21 16:00:00,0.8518872802481903,0.8815537745604964,0.8679937952430196,0.877430196483971,0.7587900723888314
2015-08-24 16:00:00,0.806928645294726,0.8607032057911066,0.8605804033092036,0.8718674594967252,0.7126421923474664
2015-08-25 16:00:00,0.7737849017580144,0.844105480868666,0.8535871251292656,0.8665115477421579,0.7278955532574974
2015-08-26 16:00:00,0.7488107549120993,0.828697001034126,0.8485005170630815,0.8622242330230955,0.7541365046535677
2015-08-27 16:00:00,0.7509824198552224,0.8176318510858324,0.8468459152016544,0.8584712168217856,0.8014477766287487
2015-08-28 16:00:00,0.7634177869700104,0.8076525336091003,0.8454304550155116,0.8557609445018958,0.8209669079627714
2015-08-31 16:00:00,0.7749224405377456,0.7909255429162357,0.8417076008273009,0.8518097207859359,0.7701654601861427
2015-09-01 16:00:00,0.7781540847983454,0.7759694932781799,0.8368536711478801,0.8468760772147537,0.7440537745604964
2015-09-02 16:00:00,0.7854188210961738,0.7671147880041365,0.833033867631851,0.8439632885211994,0.7904601861427094
2015-09-03 16:00:00,0.7850310237849017,0.7680067218200622,0.8312693898655636,0.839701826956222,0.7995087900723888
2015-09-04 16:00:00,0.7819027921406412,0.7726602895553256,0.827107032057911,0.8362159600137882,0.8053257497414684
2015-09-08 16:00:00,0.7945966907962773,0.7847595656670112,0.8227313857290588,0.835306790761806,0.8336349534643226
2015-09-09 16:00:00,0.8055842812823164,0.7918691830403309,0.8179873319544986,0.8330144777662875,0.7989917269906929
2015-09-10 16:00:00,0.8095139607032058,0.7974663908996896,0.8130816959669079,0.8314891416752843,0.8101085832471562
2015-09-11 16:00:00,0.8181747673216133,0.8016028955532575,0.8096173733195449,0.8317649086521889,0.8428128231644261
2015-09-14 16:00:00,0.829239917269907,0.8055713547052741,0.8066119441571873,0.8321440882454326,0.860651499482937
2015-09-15 16:00:00,0.8413133402275078,0.8179550155118924,0.8044402792140641,0.8337900723888314,0.8940020682523268
2015-09-16 16:00:00,0.8588934850051705,0.8322388831437434,0.8041041882109619,0.8353154084798347,0.8868924508790073
2015-09-17 16:00:00,0.8719751809720785,0.8407445708376421,0.8039296794208894,0.8356041020337815,0.8755170630816961
2015-09-18 16:00:00,0.8817993795243019,0.8499870734229575,0.8089968976215098,0.8375086177180284,0.8919338159255429
2015-09-21 16:00:00,0.8908996897621511,0.8600698035160289,0.8163650465356773,0.8380946225439505,0.906153050672182
2015-09-22 16:00:00,0.8935367114788003,0.8674250258531541,0.8260922957600825,0.8376292657704241,0.907187176835574
2015-09-23 16:00:00,0.9066184074457085,0.8827559462254396,0.8373125646328851,0.8395768700448122,0.952300930713547
2015-09-24 16:00:00,0.9170113753877974,0.8944932781799381,0.8459798345398137,0.840218890037918,0.9274819027921406
2015-09-25 16:00:00,0.9169338159255429,0.8993665977249224,0.8504847466390899,0.8395337814546707,0.891546018614271
2015-09-28 16:00:00,0.9046277145811789,0.8977637021716649,0.8516675284384694,0.8369958634953465,0.844622543950362
2015-09-29 16:00:00,0.8867631851085833,0.890149948293692,0.8540524819027923,0.8330101689072733,0.8178645294725957
2015-09-30 16:00:00,0.8655894519131334,0.886103929679421,0.8591714064115821,0.8314374353671147,0.8464322647362978
2015-10-01 16:00:00,0.8485263702171666,0.8827688728024821,0.861756721820062,0.8302094105480868,0.8421664943123062
2015-10-02 16:00:00,0.8443381592554293,0.8806359875904861,0.865311530506722,0.8328765942778353,0.8706049638055842
2015-10-05 16:00:00,0.8532057911065148,0.8789167528438471,0.869493278179938,0.8372156153050672,0.888960703205791
2015-10-06 16:00:00,0.8653567735263703,0.8760599793174768,0.8717425025853156,0.842748190279214,0.8786194415718718
2015-10-07 16:00:00,0.8703205791106515,0.8679550155118926,0.875355480868666,0.8475267149258876,0.8712512926577043
2015-10-08 16:00:00,0.8713805584281282,0.8599534643226473,0.8772233712512926,0.8506377111340916,0.8474663908996898
2015-10-09 16:00:00,0.8706308169596692,0.8574844881075492,0.8784255429162358,0.8528179937952429,0.8668562564632886
2015-10-12 16:00:00,0.8651240951396071,0.859164943123061,0.878464322647363,0.8541666666666665,0.8614270941054809
2015-10-13 16:00:00,0.8496639089968975,0.857510341261634,0.8738301447776627,0.8552051016890727,0.8013185108583247
2015-10-14 16:00:00,0.8343329886246124,0.8523267838676319,0.8692153567735265,0.8568898655635988,0.7945966907962771
2015-10-15 16:00:00,0.8251034126163392,0.8482419855222337,0.8655054291623578,0.8572518097207859,0.8013185108583247
2015-10-16 16:00:00,0.8157704239917271,0.8432006204756981,0.8619183040330922,0.8579412271630472,0.8201913133402275
2015-10-19 16:00:00,0.8084798345398139,0.8368019648397105,0.8578593588417788,0.8585961737331955,0.8249741468459152
2015-10-20 16:00:00,0.810651499482937,0.8301577042399173,0.853108841778697,0.8578809031368494,0.81217683557394
2015-10-21 16:00:00,0.7996897621509824,0.8170113753877972,0.8424831954498448,0.8559074457083764,0.7397880041365046
2015-10-22 16:00:00,0.797440537745605,0.8112719751809719,0.8356127197518097,0.8552395725611858,0.7900723888314374
2015-10-23 16:00:00,0.7886246122026886,0.8021975180972077,0.8298410031023783,0.8530162013098932,0.7761116856256464
2015-10-26 16:00:00,0.7795243019648397,0.7940020682523268,0.826583505687694,0.8503102378490176,0.77947259565667
2015-10-27 16:00:00,0.7721820062047571,0.791416752843847,0.8244635470527405,0.8463590141330576,0.7754653567735263
2015-10-28 16:00:00,0.7870217166494311,0.7933557394002069,0.8228412616339192,0.8439288176490866,0.8139865563598759
2015-10-29 16:00:00,0.7862202688728025,0.7918304033092038,0.8200361944157187,0.8409470872113065,0.7860651499482937
2015-10-30 16:00:00,0.8135729058945191,0.8010987590486041,0.8221496897621511,0.841645122371596,0.9128748707342297
2015-11-02 16:00:00,0.8479058945191315,0.8137150982419857,0.8252585315408483,0.8431446053085145,0.9511375387797311
2015-11-03 16:00:00,0.8769648397104448,0.8245734229576009,0.8273655635987593,0.8435970355049984,0.9207600827300931
2015-11-04 16:00:00,0.9013185108583247,0.8441701137538778,0.8305907445708377,0.8430455015511893,0.9357549120992761
2015-11-05 16:00:00,0.9304550155118924,0.8583376421923472,0.8348048086866597,0.8431876938986557,0.9317476732161324
2015-11-06 16:00:00,0.9367114788004136,0.8751421923474663,0.8386698552223373,0.8449413995174078,0.9441571871768356
2015-11-09 16:00:00,0.9348500517063083,0.8913779731127198,0.8426900206825234,0.8481816614960359,0.9418304033092038
2015-11-10 16:00:00,0.939348500517063,0.9081566701137538,0.8497867114788004,0.8523612547397449,0.9432523267838676
2015-11-11 16:00:00,0.9341261633919338,0.9177223371251293,0.8555390382626679,0.8544682867976559,0.9096432264736298
2015-11-12 16:00:00,0.9315408479834539,0.9309979317476733,0.8614141675284382,0.8570234401930368,0.9188210961737332
2015-11-13 16:00:00,0.9236297828335057,0.9301706308169596,0.8656346949327817,0.8581566701137538,0.9046018614270942
2015-11-16 16:00:00,0.915899689762151,0.9253748707342296,0.8695449844881076,0.8586306446053085,0.9031799379524302
2015-11-17 16:00:00,0.9089193381592553,0.9241339193381592,0.8743536711478801,0.859621682178559,0.9083505687693898
2015-11-18 16:00:00,0.9127714581178903,0.9234488107549121,0.883809462254395,0.8615434332988623,0.9289038262668046
2015-11-19 16:00:00,0.9192088934850051,0.9253748707342296,0.8918562564632885,0.864994829369183,0.951008273009307
2015-11-20 16:00:00,0.928981385729059,0.9263055842812824,0.9007238883143744,0.8678817649086523,0.953464322647363
2015-11-23 16:00:00,0.9388831437435367,0.927391416752844,0.9093846949327817,0.87092381937263,0.9526887280248191
2015-11-24 16:00:00,0.9572130299896587,0.9330661840744571,0.9206114270941056,0.8775465356773526,1.0
2015-11-25 16:00:00,0.9697001034126163,0.9412357807652535,0.9294790589451914,0.8841046190968632,0.9913391933815925
2015-11-27 16:00:00,0.9782574974146846,0.9487331954498448,0.9398655635987591,0.890520510168907,0.9937952430196484
2015-11-30 16:00:00,0.9805067218200622,0.9547440537745604,0.94245734229576,0.8953378145467079,0.9647104446742502
2015-12-01 16:00:00,0.9837900723888314,0.961336608066184,0.9433557394002068,0.9001421923474663,0.969105480868666
2015-12-02 16:00:00,0.9776370217166493,0.9674250258531542,0.9457794725956564,0.9053774560496378,0.96923474663909
2015-12-03 16:00:00,0.9633919338159255,0.966546018614271,0.9449974146845914,0.9113883143743537,0.9201137538779732
2015-12-04 16:00:00,0.9534126163391934,0.9658350568769389,0.9456049638055843,0.9165158566011721,0.9438986556359875
2015-12-07 16:00:00,0.9432006204756982,0.9618536711478801,0.9440796277145811,0.9211004825922096,0.9136504653567736
2015-12-08 16:00:00,0.9376421923474664,0.9607161323681489,0.9440537745604961,0.9264951740779037,0.9413133402275077
2015-12-09 16:00:00,0.926034126163392,0.9518355739400205,0.9424508790072387,0.9310194760427437,0.9111944157187176
2015-12-10 16:00:00,0.9209927611168564,0.942192347466391,0.9417140641158221,0.9337168217855911,0.8949069286452948
2015-12-11 16:00:00,0.905506721820062,0.9294596690796276,0.939096432264736,0.9363969320923817,0.8664684591520165
2015-12-14 16:00:00,0.8935884177869701,0.918394519131334,0.9365692864529473,0.9344364012409512,0.8540589451913133
2015-12-15 16:00:00,0.8785677352637021,0.9081049638055844,0.934720785935884,0.9316054808686657,0.8662099276111687
2015-12-16 16:00:00,0.873474663908997,0.8997543950361943,0.9335897104446742,0.9304377800758356,0.8857290589451913
2015-12-17 16:00:00,0.8676577042399173,0.8943252326783869,0.930435625646329,0.9281066873491899,0.8658221302998966
2015-12-18 16:00:00,0.8637021716649431,0.8846044467425028,0.925219751809721,0.9252714581178904,0.8466907962771458
2015-12-21 16:00:00,0.8593071354705274,0.8764477766287486,0.9191507238883144,0.921535677352637,0.8320837642192348
2015-12-22 16:00:00,0.8524043433298861,0.8654860392967941,0.9131010858324717,0.9178645294725957,0.8316959669079628
2015-12-23 16:00:00,0.8412357807652534,0.8573552223371251,0.9045953981385729,0.914085660117201,0.8298862461220269
2015-12-24 16:00:00,0.8344105480868665,0.8510341261633917,0.8966132368148916,0.9114874181316789,0.8316959669079628
2015-12-28 16:00:00,0.8335315408479834,0.8486168562564633,0.8890382626680454,0.9089365735953119,0.8422957600827301
2015-12-29 16:00:00,0.8377456049638055,0.8485263702171665,0.8834604446742504,0.907221647707687,0.8531540847983454
2015-12-30 16:00:00,0.8384953464322648,0.8454498448810754,0.8767774043433298,0.9049638055842815,0.8354446742502585
2015-12-31 16:00:00,0.8361944157187179,0.8387150982419856,0.86923474663909,0.9019648397104448,0.8183815925542917
2016-01-04 16:00:00,0.8263185108583248,0.8303645294725956,0.8623448810754912,0.8970785935884178,0.782316442605998
2016-01-05 16:00:00,0.8135211995863496,0.8235263702171666,0.8540654084798347,0.8913219579455361,0.7783092037228542
2016-01-06 16:00:00,0.8013443640124096,0.8195449844881078,0.8479963805584281,0.8859488107549122,0.7922699069286453
2016-01-07 16:00:00,0.7872026887280249,0.8128490175801448,0.8391675284384695,0.8796837297483628,0.764736297828335
2016-01-08 16:00:00,0.7719234746639089,0.8040589451913133,0.8307070837642192,0.871083247156153,0.7419855222337125
2016-01-11 16:00:00,0.767192347466391,0.7967554291623579,0.8238947776628749,0.8633273009307136,0.7586608066184074
2016-01-12 16:00:00,0.7640124095139607,0.788766804550155,0.8186918304033091,0.8556144432954154,0.7624095139607032
2016-01-13 16:00:00,0.7551447776628749,0.7782445708376423,0.8133854705274044,0.8483884867287143,0.7479317476732161
2016-01-14 16:00:00,0.7530506721820062,0.7701266804550155,0.8077882626680455,0.841227163047225,0.7542657704239918
2016-01-15 16:00:00,0.7496380558428128,0.7607807652533609,0.7997479317476732,0.8330834195105136,0.7249224405377456
2016-01-19 16:00:00,0.7376938986556361,0.7524431230610135,0.7914038262668045,0.8257109617373319,0.6989400206825233
2016-01-20 16:00:00,0.7254395036194414,0.7447259565667009,0.7841261633919336,0.8176189245087899,0.7011375387797312
2016-01-21 16:00:00,0.7191054808686661,0.7371251292657705,0.7783350568769388,0.8110392967942087,0.7162616339193382
2016-01-22 16:00:00,0.7172440537745606,0.7351473629782834,0.773998190279214,0.8044941399517407,0.7449586349534644
2016-01-25 16:00:00,0.7080144777662876,0.7288262668045502,0.7664426059979319,0.7967468114443296,0.6787745604963805
2016-01-26 16:00:00,0.7038779731127197,0.7207859358841779,0.7587706825232678,0.7895251637366424,0.6782574974146846
2016-01-27 16:00:00,0.7002843846949328,0.7128619441571873,0.750814374353671,0.7834152016546018,0.6831695966907964
2016-01-28 16:00:00,0.689348500517063,0.7042269906928645,0.7412357807652532,0.7769993105825576,0.6615822130299897
2016-01-29 16:00:00,0.6736556359875905,0.6954498448810754,0.7327882626680455,0.7703421234057222,0.6664943123061013
2016-02-01 16:00:00,0.6711737331954499,0.6895941054808686,0.7251874353671147,0.7630299896587383,0.6663650465356773
2016-02-02 16:00:00,0.6647104446742503,0.684294208893485,0.7183686659772492,0.755700620475698,0.6459410548086867
2016-02-03 16:00:00,0.656282316442606,0.6782833505687694,0.7115046535677354,0.7488452257842123,0.641028955532575
2016-02-04 16:00:00,0.6324198552223371,0.6608841778697001,0.6990046535677353,0.739184763874526,0.5422699069286453
2016-02-05 16:00:00,0.6015511892450879,0.6376034126163392,0.6863753877973114,0.7285332643915893,0.5121509824198552
2016-02-08 16:00:00,0.5610651499482937,0.6161194415718717,0.672472854188211,0.7163348845225785,0.4639348500517063
2016-02-09 16:00:00,0.5195708376421924,0.5921406411582214,0.6564632885211996,0.7032273354015858,0.43846949327817997
2016-02-10 16:00:00,0.48456566701137543,0.5704239917269907,0.641642967942089,0.6906842468114444,0.46600310237849013
2016-02-11 16:00:00,0.47008790072388834,0.5512538779731128,0.6277404343329887,0.67790847983454,0.46988107549120994
2016-02-12 16:00:00,0.4607290589451913,0.5311401240951397,0.6132949844881076,0.665572216477077,0.4653567735263702
2016-02-16 16:00:00,0.4651758014477767,0.5131204756980352,0.601357290589452,0.654498448810755,0.48616856256463287
2016-02-17 16:00:00,0.48218717683557394,0.5008790072388832,0.5925866080661841,0.6458721130644606,0.5235263702171665
2016-02-18 16:00:00,0.4908221302998966,0.4876938986556359,0.5829886246122027,0.6369010685970355,0.5091778697001034
2016-02-19 16:00:00,0.5037487073422958,0.48691830403309205,0.573901240951396,0.6283092037228541,0.5345139607032058
2016-02-22 16:00:00,0.5172957600827301,0.4890124095139608,0.56330791106515,0.6205877283695276,0.5330920372285419
2016-02-23 16:00:00,0.5266287487073422,0.4959022750775596,0.5560108583247156,0.6136159944846603,0.5328335056876939
2016-02-24 16:00:00,0.5299379524301965,0.5060625646328853,0.5491016028955534,0.6063297138917614,0.5400723888314375
2016-02-25 16:00:00,0.5411065149948293,0.515964322647363,0.5431941571871768,0.5997500861771802,0.5650206825232679
2016-02-26 16:00:00,0.550387797311272,0.5270682523267839,0.5391610651499483,0.5941830403309204,0.5809203722854188
2016-02-29 16:00:00,0.557187176835574,0.537241468459152,0.5341907962771458,0.5879438124784557,0.5670889348500516
2016-03-01 16:00:00,0.5713288521199587,0.5489788004136505,0.5310496380558429,0.5838977938641848,0.6035418821096173
2016-03-02 16:00:00,0.5809979317476733,0.5554679420889349,0.5281734746639091,0.5802137194071011,0.5884177869700103
2016-03-03 16:00:00,0.5856514994829369,0.5633790072388832,0.5255364529472596,0.5764520854877629,0.5882885211995863
2016-03-04 16:00:00,0.5885211995863496,0.5694544984488109,0.5281864012409514,0.5724189934505344,0.5952688728024819
2016-03-07 16:00:00,0.5986039296794209,0.5778955532574974,0.533453981385729,0.5681704584625991,0.6175025853154085
2016-03-08 16:00:00,0.5961995863495346,0.5837642192347465,0.539833247156153,0.5652619786280593,0.5915201654601862
2016-03-09 16:00:00,0.598474663908997,0.589736297828335,0.5478994312306101,0.5626465012064805,0.5997931747673216
2016-03-10 16:00:00,0.5986297828335058,0.5921406411582213,0.5540524819027921,0.5595096518441915,0.5890641158221304
2016-03-11 16:00:00,0.6010599793174768,0.5947905894519131,0.5609294208893485,0.5577042399172698,0.6074198552223371
2016-03-14 16:00:00,0.6002068252326784,0.5994053774560496,0.5683234229576009,0.555928990003447,0.6132368148914167
2016-03-15 16:00:00,0.5990175801447776,0.597608583247156,0.5732936918304034,0.5532359531196139,0.5855739400206825
2016-03-16 16:00:00,0.6004912099276111,0.5994829369183039,0.5774754395036195,0.5519432954153741,0.6071613236814891
2016-03-17 16:00:00,0.6078076525336091,0.6032187176835574,0.5832988624612202,0.5514305411926922,0.6256463288521199
2016-03-18 16:00:00,0.6125387797311272,0.6067993795243019,0.5881269389865562,0.5543907273354014,0.6310754912099277
2016-03-21 16:00:00,0.6137280248190279,0.6069674250258531,0.5924314891416752,0.5579584625991038,0.6191830403309203
2016-03-22 16:00:00,0.6215873836608066,0.6103024819027921,0.5970333505687693,0.5633229920716993,0.6248707342295761
2016-03-23 16:00:00,0.6228024819027922,0.6116468459152017,0.6006915718717684,0.5691485694588071,0.6132368148914167
2016-03-24 16:00:00,0.6199327817993795,0.6138702171664943,0.6030054291623577,0.5739917269906927,0.6112978283350569
2016-03-28 16:00:00,0.6164426059979318,0.6144906928645295,0.6046406411582212,0.5787831782144087,0.6136246122026887
2016-03-29 16:00:00,0.6155635987590485,0.6146458117890382,0.6070255946225438,0.5837642192347465,0.6147880041365047
2016-03-30 16:00:00,0.6137280248190279,0.6176577042399173,0.6076331437435366,0.588081695966908,0.6156928645294726
2016-03-31 16:00:00,0.6216390899689762,0.6222207859358841,0.6108518614270941,0.592390554981041,0.6527921406411582
2016-04-01 16:00:00,0.6302481902792141,0.6250904860392968,0.6141546018614271,0.5972294036539124,0.6543433298862461
2016-04-04 16:00:00,0.6393226473629783,0.627882626680455,0.6173410031023786,0.6013788348845226,0.6589968976215098
2016-04-05 16:00:00,0.6445191313340227,0.6300413650465359,0.6185043950361945,0.6049681144432955,0.640770423991727
2016-04-06 16:00:00,0.6539038262668045,0.6338159255429163,0.6220592037228542,0.609294208893485,0.6626163391933816
2016-04-07 16:00:00,0.6524560496380558,0.637047569803516,0.6243472078593589,0.6128102378490177,0.6455532574974147
2016-04-08 16:00:00,0.6473371251292657,0.6387926577042399,0.626331437435367,0.6149345053429851,0.6287487073422958
2016-04-11 16:00:00,0.6384694932781799,0.638896070320579,0.6266933815925544,0.6160591175456739,0.6146587383660806
2016-04-12 16:00:00,0.6297052740434332,0.637112202688728,0.6258790072388832,0.6170544639779387,0.5969493278179938
2016-04-13 16:00:00,0.6222854188210962,0.6380946225439503,0.6278761633919339,0.6177869700103413,0.625517063081696
2016-04-14 16:00:00,0.614994829369183,0.6337254395036195,0.6279731127197519,0.6184763874526026,0.6091003102378489
2016-04-15 16:00:00,0.6122285418821096,0.6297828335056876,0.6274366597724923,0.619364012409514,0.6149172699069286
2016-04-18 16:00:00,0.6164943123061014,0.6274819027921407,0.6276822647362978,0.620721302998966,0.6359875904860394
2016-04-19 16:00:00,0.6185367114788004,0.6241209927611168,0.6270811789038264,0.6203765942778353,0.6071613236814891
2016-04-20 16:00:00,0.6146587383660806,0.6184720785935884,0.6261440020682525,0.6208634953464324,0.6061271975180972
2016-04-21 16:00:00,0.61153050672182,0.6132626680455014,0.6251551189245088,0.6206523612547399,0.593459152016546
2016-04-22 16:00:00,0.6116339193381592,0.6119312306101344,0.6253619441571873,0.621531368493623,0.6154343329886246
2016-04-25 16:00:00,0.6064632885211997,0.6114788004136505,0.6251874353671149,0.6216218545329198,0.610134436401241
2016-04-26 16:00:00,0.6070320579110652,0.6127843846949327,0.6249482936918304,0.6215141330575664,0.6100051706308169
2016-04-27 16:00:00,0.6105739400206824,0.6126163391933815,0.625355480868666,0.6227895553257498,0.623836608066184
2016-04-28 16:00:00,0.6140124095139607,0.6127714581178904,0.6232484488107549,0.6229058945191314,0.610651499482937
2016-04-29 16:00:00,0.6110910031023785,0.6113624612202689,0.6205726473629783,0.6220785935884178,0.6008273009307135
2016-05-02 16:00:00,0.6115822130299896,0.6090227507755946,0.6182523267838677,0.6214624267493968,0.6125904860392968
2016-05-03 16:00:00,0.6082213029989658,0.6076266804550154,0.615873836608066,0.6205963460875559,0.593200620475698
2016-05-04 16:00:00,0.6004912099276112,0.6055325749741469,0.6120023267838677,0.6192735263702173,0.5851861427094106
2016-05-05 16:00:00,0.5959152016546018,0.6049638055842812,0.6091132368148914,0.6184246811444328,0.5877714581178903
2016-05-06 16:00:00,0.5631075491209927,0.5870992761116857,0.59951525336091,0.6126077214753534,0.436789038262668
2016-05-09 16:00:00,0.5288004136504654,0.5701913133402275,0.590835056876939,0.6068553946914856,0.44105480868665975
2016-05-10 16:00:00,0.4997673216132368,0.5539943123061013,0.5833893485005172,0.601296966563254,0.4480351602895553
2016-05-11 16:00:00,0.4718976215098242,0.5361944157187177,0.5744053774560497,0.5956351258186833,0.4458376421923475
2016-05-12 16:00:00,0.44035677352637015,0.5181359875904861,0.5654537228541883,0.588210961737332,0.4300672182006205
2016-05-13 16:00:00,0.44020165460186145,0.5016546018614271,0.556508531540848,0.5809332988624614,0.43601344364012407
2016-05-16 16:00:00,0.44089968976215105,0.4848500517063081,0.5469364012409513,0.5737849017580146,0.4445449844881076
2016-05-17 16:00:00,0.4388055842812824,0.4692864529472595,0.5384565667011375,0.5670113753877974,0.437564632885212
2016-05-18 16:00:00,0.43888314374353676,0.4553903826266805,0.5304614788004137,0.5597983453981388,0.4462254395036195
2016-05-19 16:00:00,0.4415977249224404,0.44097724922440545,0.5229705274043434,0.5530679076180628,0.4436401240951396
2016-05-20 16:00:00,0.44539813857290594,0.4427998965873838,0.5149495863495347,0.5472768011030679,0.45501551189245093
2016-05-23 16:00:00,0.44788004136504656,0.4443898655635988,0.5072905894519131,0.5420199931058255,0.45695449844881075
2016-05-24 16:00:00,0.4553257497414685,0.4470656670113754,0.5005299896587383,0.5379481213374698,0.4747931747673216
2016-05-25 16:00:00,0.45953981385729054,0.4492114788004136,0.49270294725956565,0.532674077904171,0.4672957600827301
2016-05-26 16:00:00,0.46807135470527406,0.4548345398138573,0.4864852637021716,0.5285806618407446,0.48629782833505686
2016-05-27 16:00:00,0.4737073422957601,0.45955274043433303,0.48060367114788,0.524189934505343,0.4831954498448811
2016-05-31 16:00:00,0.48102378490175807,0.4644519131334023,0.47465098241985526,0.5194415718717684,0.4935367114788004
2016-06-01 16:00:00,0.484617373319545,0.46997156153050673,0.46962900723888307,0.5156282316442606,0.49276111685625645
2016-06-02 16:00:00,0.4915460186142709,0.4755429162357807,0.46546664943123056,0.5121552912788693,0.5019389865563598
2016-06-03 16:00:00,0.49687176835573943,0.4824715615305067,0.46172440537745596,0.5094708721130644,0.5129265770423992
2016-06-06 16:00:00,0.5014994829369183,0.48760341261633916,0.46520165460186136,0.5058341951051362,0.5063340227507757
2016-06-07 16:00:00,0.5010599793174767,0.4910418821096174,0.467715873836608,0.501874353671148,0.49133919338159254
2016-06-08 16:00:00,0.5009307135470527,0.4927740434332988,0.46991985522233715,0.49794467425025846,0.4921147880041365
2016-06-09 16:00:00,0.4980093071354705,0.4947776628748707,0.4719945708376423,0.4933945191313341,0.48733195449844885
2016-06-10 16:00:00,0.49338159255429154,0.49512668045501546,0.47498061013443643,0.4893657359531198,0.48978800413650464
2016-06-13 16:00:00,0.4910031023784901,0.49625129265770423,0.47790201654601866,0.4858195449844882,0.49444157187176835
2016-06-14 16:00:00,0.49371768355739404,0.4973888314374353,0.48092037228541895,0.48223026542571534,0.5049120992761117
2016-06-15 16:00:00,0.4994570837642192,0.500193898655636,0.4850827300930714,0.47981730437780074,0.5208117890382626
2016-06-16 16:00:00,0.5056618407445708,0.5018355739400207,0.4886892450879008,0.477589624267494,0.5183557394002068
2016-06-17 16:00:00,0.5119700103412617,0.5026758014477767,0.49257368148914166,0.47537487073422957,0.5213288521199586
2016-06-20 16:00:00,0.5176318510858324,0.5043174767321613,0.49596044467425016,0.478240261978628,0.5227507755946225
2016-06-21 16:00:00,0.5341778697001034,0.5139477766287487,0.502494829369183,0.4831265081006551,0.5876421923474664
2016-06-22 16:00:00,0.5449069286452948,0.522182006204757,0.5074780248190278,0.48734057221647703,0.5744570837642192
2016-06-23 16:00:00,0.5609358841778695,0.5332988624612203,0.5140382626680455,0.49242933471216827,0.5985005170630817
2016-06-24 16:00:00,0.5699069286452948,0.5409384694932782,0.5180325749741468,0.49696656325405036,0.5661840744570837
2016-06-27 16:00:00,0.5708117890382627,0.5442218200620477,0.5202365563598759,0.5000086177180283,0.5272750775594622
2016-06-28 16:00:00,0.5617373319544985,0.5479576008273009,0.5226732161323682,0.5032661151327128,0.5422699069286453
2016-06-29 16:00:00,0.5544984488107549,0.5497026887280249,0.5249482936918304,0.5066227163047223,0.5382626680455016
2016-06-30 16:00:00,0.5459927611168562,0.5534643226473629,0.5276499482936918,0.5102809376077214,0.5559720785935884
2016-07-01 16:00:00,0.5431230610134437,0.5565149948293692,0.5295953981385728,0.5138874526025508,0.5518355739400207
2016-07-05 16:00:00,0.5477507755946226,0.5592812823164426,0.531799379524302,0.517067390554981,0.5504136504653567
2016-07-06 16:00:00,0.5516546018614271,0.5566959669079629,0.5353218717683558,0.5205618752154431,0.561789038262668
2016-07-07 16:00:00,0.5565667011375387,0.5555325749741469,0.5388572905894519,0.5234962082040675,0.56282316442606
2016-07-08 16:00:00,0.5610910031023784,0.5535418821096173,0.5434203722854188,0.5272061358152361,0.578593588417787
2016-07-11 16:00:00,0.5751809720785936,0.5591520165460186,0.5500452430196484,0.5317390554981042,0.6222854188210962
2016-07-12 16:00:00,0.5881075491209927,0.5679291623578075,0.5560754912099275,0.5361340916925198,0.6150465356773526
2016-07-13 16:00:00,0.5937435367114788,0.5726990692864529,0.560328335056877,0.5393485005170632,0.5899689762150983
2016-07-14 16:00:00,0.6008014477766287,0.5786840744570837,0.5641933815925543,0.5428602206135816,0.5981127197518098
2016-07-15 16:00:00,0.6047311271975181,0.5829110651499482,0.5681876938986556,0.5460703205791108,0.5982419855222337
2016-07-18 16:00:00,0.5994570837642192,0.5873190279214063,0.5719170113753878,0.5488366080661841,0.5959152016546019
2016-07-19 16:00:00,0.5948035160289555,0.5914555325749741,0.5753684074457083,0.5516847638745259,0.5917786970010341
2016-07-20 16:00:00,0.5972854188210962,0.5955144777662875,0.576105222337125,0.5553860737676664,0.6023784901758015
2016-07-21 16:00:00,0.594751809720786,0.5977766287487073,0.5766546018614271,0.5584970699758703,0.5854446742502585
2016-07-22 16:00:00,0.5947518097207859,0.599741468459152,0.5766416752843846,0.5621940710099964,0.5982419855222337
2016-07-25 16:00:00,0.5955274043433298,0.5974922440537744,0.5783221302998967,0.5658609100310237,0.5997931747673216
2016-07-26 16:00:00,0.5966132368148914,0.5957083764219233,0.5818187693898655,0.5692864529472594,0.5972078593588418
2016-07-27 16:00:00,0.5950361944157186,0.5961608066184073,0.5844299379524301,0.5722724922440537,0.594493278179938
2016-07-28 16:00:00,0.6005687693898656,0.5976602895553258,0.5881721820062047,0.5753490175801448,0.6131075491209927
2016-07-29 16:00:00,0.6027404343329886,0.5987461220268874,0.5908285935884179,0.5783738366080662,0.6091003102378489
2016-08-01 16:00:00,0.6027404343329886,0.5991339193381593,0.5932264736297829,0.580989314029645,0.5997931747673216
2016-08-02 16:00:00,0.6021458117890384,0.5993795243019648,0.5954175284384695,0.5833721130644606,0.5942347466390899
2016-08-03 16:00:00,0.602947259565667,0.5989917269906928,0.5972531023784902,0.5837340572216477,0.5985005170630817
2016-08-04 16:00:00,0.5966907962771458,0.5986297828335058,0.5982032057911065,0.5839796621854533,0.5818252326783867
2016-08-05 16:00:00,0.5935367114788004,0.5981385729058945,0.5989400206825232,0.5838073078248879,0.593329886246122
2016-08-08 16:00:00,0.5876163391933816,0.5951783867631851,0.5963353154084798,0.5839408824543262,0.5701913133402275
2016-08-09 16:00:00,0.5867373319544985,0.5944415718717683,0.5950749741468457,0.5860263702171665,0.5898397104446743
2016-08-10 16:00:00,0.5848500517063082,0.5938986556359876,0.5950297311271975,0.5875861771802826,0.5890641158221304
2016-08-11 16:00:00,0.5892967942088936,0.5929937952430197,0.5953270423991727,0.5897793864184764,0.6040589451913133
2016-08-12 16:00:00,0.5908738366080662,0.5922052740434334,0.5954756980351602,0.5912874870734229,0.6012150982419855
2016-08-15 16:00:00,0.6003102378490176,0.5939632885211996,0.5965486039296793,0.5934720785935883,0.6173733195449844
2016-08-16 16:00:00,0.6061271975180972,0.5964322647362978,0.5979058945191313,0.595755773871079,0.6189245087900724
2016-08-17 16:00:00,0.6095915201654601,0.5972207859358841,0.5981062564632884,0.5972423302309549,0.6063857290589452
2016-08-18 16:00:00,0.6109875904860392,0.6001421923474664,0.599385987590486,0.5988495346432264,0.611039296794209
2016-08-19 16:00:00,0.6135729058945191,0.6022233712512927,0.6001809720785934,0.6000344708721129,0.6141416752843847
2016-08-22 16:00:00,0.613210961737332,0.6067605997931748,0.60096949327818,0.5998104102033781,0.6155635987590485
2016-08-23 16:00:00,0.6134953464322648,0.6098112719751809,0.6021264219234745,0.5999870734229575,0.6203464322647363
2016-08-24 16:00:00,0.6138831437435367,0.6117373319544984,0.602817993795243,0.6005989314029643,0.6083247156153051
2016-08-25 16:00:00,0.6129782833505688,0.611982936918304,0.6024883660806618,0.6008790072388831,0.6065149948293692
2016-08-26 16:00:00,0.6108324715615305,0.6122026887280249,0.6022039813857291,0.6010513615994484,0.6034126163391934
2016-08-29 16:00:00,0.6082988624612203,0.6107549120992761,0.6023591003102379,0.6012840399862117,0.6028955532574974
2016-08-30 16:00:00,0.6020165460186143,0.6077559462254395,0.6020941054808686,0.6011892450879007,0.5889348500517063
2016-08-31 16:00:00,0.5967166494312306,0.6052998965873837,0.601260341261634,0.6005041365046536,0.5818252326783867
2016-09-01 16:00:00,0.5929679420889349,0.6029731127197518,0.6015576525336092,0.600581695966908,0.5877714581178903
2016-09-02 16:00:00,0.5910548086866598,0.6009436401240952,0.601583505687694,0.6004351947604275,0.593846949327818
2016-09-06 16:00:00,0.5895294725956566,0.5989141675284385,0.6028373836608066,0.6002843846949328,0.5952688728024819
2016-09-07 16:00:00,0.5909513960703205,0.5964839710444674,0.6031476215098242,0.6002456049638055,0.5960444674250258
2016-09-08 16:00:00,0.592425025853154,0.5945708376421924,0.6031540847983453,0.6000689417442262,0.5891933815925543
2016-09-09 16:00:00,0.5918562564632885,0.5924120992761116,0.6021975180972079,0.5991296104791451,0.5849276111685626
2016-09-12 16:00:00,0.5905635987590486,0.5908092037228542,0.6015059462254395,0.598405722164771,0.5873836608066184
2016-09-13 16:00:00,0.5865563598759048,0.5880429162357808,0.5993989141675284,0.5975870389520854,0.5752326783867632
2016-09-14 16:00:00,0.581670113753878,0.5863107549120994,0.5970333505687694,0.5968329886246123,0.5716132368148914
2016-09-15 16:00:00,0.5782316442605998,0.585328335056877,0.5953141158221303,0.5959496725267149,0.5720010341261634
2016-09-16 16:00:00,0.5754395036194415,0.583647880041365,0.5933104963805584,0.5955877283695278,0.5709669079627715
2016-09-19 16:00:00,0.571794208893485,0.5811789038262668,0.5910612719751809,0.5947819717338848,0.5691571871768356
2016-09-20 16:00:00,0.5673474663908997,0.5769519131334023,0.5879330403309204,0.5942088934850053,0.5529989658738367
2016-09-21 16:00:00,0.5641933815925543,0.5729317476732162,0.5847078593588416,0.5930756635642882,0.5558428128231644
2016-09-22 16:00:00,0.5619700103412617,0.5701008273009307,0.5823358324715615,0.5921363322992073,0.5608841778697001
2016-09-23 16:00:00,0.5836608066184075,0.5795501551189245,0.5859811271975179,0.5946483971044467,0.6794208893485005
2016-09-26 16:00:00,0.6043950361944157,0.5880946225439504,0.5894519131334024,0.5970355049982765,0.6728283350568769
2016-09-27 16:00:00,0.6303257497414685,0.5988366080661841,0.5934397621509825,0.5992114788004137,0.6826525336091004
2016-09-28 16:00:00,0.6566442605997932,0.6104188210961736,0.5983647880041365,0.6014951740779041,0.687435367114788
2016-09-29 16:00:00,0.6807652533609101,0.6213676318510859,0.6033479834539816,0.6039986211651156,0.6814891416752844
2016-09-30 16:00:00,0.683738366080662,0.6336995863495347,0.6086737331954499,0.6067735263702172,0.6942864529472595
2016-10-03 16:00:00,0.6882109617373321,0.646302998965874,0.6137409513960703,0.6094751809720786,0.6951913133402275
2016-10-04 16:00:00,0.6901499482936918,0.6602378490175802,0.6185948810754911,0.6120346432264736,0.6923474663908997
2016-10-05 16:00:00,0.6928386763185108,0.6747414684591521,0.623836608066184,0.6147190623922786,0.7008790072388832
2016-10-06 16:00:00,0.6942088934850051,0.6874870734229577,0.6287939503619441,0.617386246122027,0.6883402275077559
2016-10-07 16:00:00,0.6912616339193381,0.6874999999999999,0.6335250775594621,0.619820751465012,0.6795501551189245
2016-10-10 16:00:00,0.6858324715615305,0.6870217166494311,0.6375581695966908,0.6219751809720785,0.6680455015511892
2016-10-11 16:00:00,0.6804808686659773,0.6853154084798345,0.6420760082730093,0.624064977593933,0.6655894519131335
2016-10-12 16:00:00,0.6708634953464323,0.6818510858324717,0.6461349534643226,0.6261935539469148,0.6527921406411582
2016-10-13 16:00:00,0.6617114788004137,0.6779601861427096,0.6496639089968975,0.6282187176835573,0.6425801447776629
2016-10-14 16:00:00,0.6525594622543951,0.6719105480868667,0.6528050672182005,0.6297526714925886,0.6337900723888314
2016-10-17 16:00:00,0.6402016546018615,0.6630170630816962,0.6546600310237849,0.6301663219579455,0.6062564632885212
2016-10-18 16:00:00,0.627688728024819,0.6540847983453981,0.657161323681489,0.6304248534987935,0.6030248190279214
2016-10-19 16:00:00,0.598474663908997,0.6346690796277146,0.6547052740434333,0.6274474319200276,0.5067218200620476
2016-10-20 16:00:00,0.570010341261634,0.6158609100310238,0.6516739917269907,0.6244829369183041,0.500258531540848
2016-10-21 16:00:00,0.5396845915201655,0.5961220268872802,0.6418110134436401,0.6210573940020683,0.4821613236814891
2016-10-24 16:00:00,0.5158996897621511,0.5780506721820062,0.6325361944157188,0.6177223371251294,0.48733195449844885
2016-10-25 16:00:00,0.49120992761116855,0.5594493278179938,0.6223823681489142,0.614533781454671,0.47957600827300934
2016-10-26 16:00:00,0.4864270941054808,0.5424508790072388,0.6121509824198551,0.6115735953119613,0.48280765253360913
2016-10-27 16:00:00,0.4807394002068252,0.5253748707342295,0.6016675284384694,0.6082342295760083,0.4718200620475698
2016-10-28 16:00:00,0.4785418821096174,0.5091132368148914,0.590511892450879,0.6049077904170975,0.47117373319544986
2016-10-31 16:00:00,0.4764736297828335,0.4961866597724922,0.5796018614270941,0.6018355739400206,0.47699069286452944
2016-11-01 16:00:00,0.47388831437435364,0.4825491209927611,0.5683169596690796,0.5989572561185798,0.46664943123061015
2016-11-02 16:00:00,0.46884694932781806,0.47763702171664946,0.556153050672182,0.5956825232678387,0.4576008273009307
2016-11-03 16:00:00,0.4652275077559462,0.4729834539813857,0.5444221820062047,0.5921104791451223,0.453722854188211
2016-11-04 16:00:00,0.4629007238883144,0.470721302998966,0.533421664943123,0.5847811099620821,0.45953981385729054
2016-11-07 16:00:00,0.46858841778697,0.47253102378490186,0.5252908479834539,0.5792011375387798,0.5054291623578077
2016-11-08 16:00:00,0.4759565667011376,0.4749224405377456,0.5171858841778697,0.5732290589451914,0.5034901758014478
2016-11-09 16:00:00,0.4856514994829369,0.4772492244053775,0.5098500517063081,0.5671837297483626,0.5060754912099276
2016-11-10 16:00:00,0.49586349534643226,0.4805455015511892,0.5029601861427095,0.5612935194760428,0.5047828335056876
2016-11-11 16:00:00,0.5076266804550155,0.4852637021716649,0.49718846949327816,0.5554291623578076,0.5183557394002068
2016-11-14 16:00:00,0.5104705274043433,0.48952947259565666,0.4928580661840745,0.5495777318166151,0.5196483971044468
2016-11-15 16:00:00,0.5144777662874871,0.4952171664943124,0.4888831437435368,0.5439503619441572,0.5235263702171665
2016-11-16 16:00:00,0.5173216132368149,0.501486556359876,0.4895617890382628,0.5379308859014134,0.5202947259565667
2016-11-17 16:00:00,0.5183557394002068,0.5071096173733196,0.4900465356773528,0.5319846604619097,0.5099534643226474
2016-11-18 16:00:00,0.5183557394002068,0.5129912099276112,0.49185625646328857,0.5266115132712857,0.5183557394002068
2016-11-21 16:00:00,0.5179679420889349,0.5142192347466391,0.4933751292657705,0.5216003102378491,0.5177094105480868
2016-11-22 16:00:00,0.5177094105480868,0.516093588417787,0.4955080144777663,0.5168217855911756,0.5222337125129266
2016-11-23 16:00:00,0.5178386763185109,0.517580144777663,0.4974146845915202,0.5124267493967599,0.5209410548086866
2016-11-25 13:00:00,0.5209410548086866,0.5196483971044468,0.500096949327818,0.5085229231299553,0.5254653567735263
2016-11-28 16:00:00,0.5179679420889348,0.5181618407445707,0.5017127714581179,0.5041795932437092,0.5034901758014478
2016-11-29 16:00:00,0.5149948293691831,0.5164813857290589,0.5030054291623578,0.5007325060324028,0.5028438469493278
2016-11-30 16:00:00,0.5091778697001034,0.5134436401240952,0.5043304033092038,0.4970699758703896,0.49314891416752843
2016-12-01 16:00:00,0.500258531540848,0.5090486039296794,0.5052675801447777,0.4960573940020683,0.47634436401240954
2016-12-02 16:00:00,0.48927094105480873,0.5051059979317477,0.5061078076525336,0.4950663564288175,0.47052740434332985
2016-12-05 16:00:00,0.484617373319545,0.5012926577042399,0.5071419338159255,0.4950017235436056,0.48022233712512924
2016-12-06 16:00:00,0.4806101344364012,0.49780248190279214,0.5060108583247157,0.4948509134781109,0.48280765253360913
2016-12-07 16:00:00,0.47970527404343327,0.49444157187176835,0.5052675801447777,0.49515253360910033,0.4886246122026887
2016-12-08 16:00:00,0.48293691830403307,0.49159772492244047,0.5045889348500517,0.49547569803516034,0.4925025853154085
2016-12-09 16:00:00,0.4865563598759049,0.48791365046535673,0.5037810237849019,0.4960358497069976,0.4886246122026887
2016-12-12 16:00:00,0.48552223371251285,0.48506980351602885,0.5016158221302999,0.4961651154774216,0.4750517063081696
2016-12-13 16:00:00,0.4835832471561531,0.48209669079627715,0.49928903826266796,0.49603584970699754,0.47311271975180974
2016-12-14 16:00:00,0.484617373319545,0.4821613236814891,0.49780248190279214,0.49694071009996554,0.49379524301964844
2016-12-15 16:00:00,0.4835832471561531,0.4832600827300931,0.49615434332988617,0.497931747673216,0.48733195449844885
2016-12-16 16:00:00,0.483841778697001,0.485199069286453,0.4951525336091002,0.49913822819717335,0.48991726990692863
2016-12-19 16:00:00,0.48733195449844885,0.486427094105481,0.49385987590486036,0.5002369872457774,0.4925025853154085
2016-12-20 16:00:00,0.4914684591520166,0.4875258531540849,0.49266416752843845,0.4998491899345054,0.49379524301964844
2016-12-21 16:00:00,0.4932781799379525,0.4889477766287487,0.49169467425025853,0.49982764563943466,0.5028438469493278
2016-12-22 16:00:00,0.49314891416752843,0.4883660806618408,0.48998190279214066,0.49918131678731475,0.48668562564632883
2016-12-23 16:00:00,0.4941830403309204,0.4890124095139607,0.48846302998965874,0.4988581523612547,0.4950879007238883
2016-12-27 16:00:00,0.49547569803516034,0.49140382626680457,0.4882368148914167,0.49821182350913473,0.49896587383660806
2016-12-28 16:00:00,0.49301964839710444,0.4922440537745605,0.4871703722854187,0.4969407100999654,0.4815149948293692
2016-12-29 16:00:00,0.4888831437435367,0.4910806618407445,0.4866209927611168,0.4955618752154429,0.4821613236814891
2016-12-30 16:00:00,0.49082213029989646,0.49198552223371245,0.48762280248190265,0.49476473629782824,0.4963805584281282
2017-01-03 16:00:00,0.4886246122026887,0.49140382626680446,0.48830144777662865,0.49390296449500165,0.48410031023784905
2017-01-04 16:00:00,0.48875387797311276,0.49211478800413644,0.4892709410548086,0.49327817993795237,0.499612202688728
2017-01-05 16:00:00,0.49340744570837636,0.49321354705274034,0.4903697001034126,0.4928472940365391,0.5047828335056876
2017-01-06 16:00:00,0.4985780765253361,0.4937306101344364,0.4913391933815926,0.49237331954498453,0.5080144777662875
2017-01-09 16:00:00,0.5012926577042398,0.4960573940020683,0.4922117373319545,0.4920070665287833,0.5099534643226474
2017-01-10 16:00:00,0.5064632885211996,0.4975439503619442,0.4932781799379526,0.4914900034470873,0.5099534643226474
2017-01-11 16:00:00,0.5105997931747673,0.49967683557394005,0.4955403309203724,0.4920501551189247,0.5202947259565667
2017-01-12 16:00:00,0.5126680455015512,0.5030377456049638,0.4976408996897623,0.4924594967252673,0.5151240951396071
2017-01-13 16:00:00,0.5161582213029988,0.5073681489141675,0.499224405377456,0.4935367114788004,0.5254653567735263
2017-01-17 16:00:00,0.5177094105480868,0.5095010341261634,0.5007432781799379,0.494915546363323,0.5177094105480868
2017-01-18 16:00:00,0.5200361944157188,0.5132497414684591,0.5023267838676319,0.4966175456739055,0.5215873836608066
2017-01-19 16:00:00,0.5202947259565667,0.5154472595656671,0.5037810237849017,0.49799638055842804,0.5215873836608066
2017-01-20 16:00:00,0.5222337125129266,0.5174508790072389,0.5053322130299895,0.4993967597380214,0.5248190279214064
2017-01-23 16:00:00,0.5217166494312306,0.5189374353671148,0.5063340227507757,0.5005386073767666,0.5228800413650466
2017-01-24 16:00:00,0.5232678386763184,0.5204886246122027,0.5082730093071354,0.5016373664253705,0.5254653567735263
2017-01-25 16:00:00,0.5253360910031024,0.5226861427094105,0.5101150465356773,0.503080834195105,0.5319286452947259
2017-01-26 16:00:00,0.5259824198552224,0.5231385729058946,0.5114077042399172,0.5047397449155463,0.5248190279214064
2017-01-27 16:00:00,0.5228800413650466,0.5225568769389866,0.5127973112719753,0.5059462254395036,0.5093071354705274
2017-01-30 16:00:00,0.5221044467425026,0.5219105480868668,0.5146393485005172,0.5067864529472597,0.5190020682523268
2017-01-31 16:00:00,0.5249482936918304,0.5241080661840746,0.516804550155119,0.5085315408479836,0.5396845915201655
2017-02-01 16:00:00,0.5262409513960703,0.5257885211995864,0.5195191313340228,0.5101473629782834,0.5383919338159255
2017-02-02 16:00:00,0.530635987590486,0.5283092037228542,0.5218782316442606,0.5119570837642193,0.546794208893485
2017-02-03 16:00:00,0.5383919338159255,0.530635987590486,0.5240434332988625,0.5137668045501551,0.5480868665977249
2017-02-06 16:00:00,0.5427869700103412,0.5324457083764219,0.5256915718717684,0.5150379179593244,0.5409772492244054
2017-02-07 16:00:00,0.5451137538779731,0.5350310237849017,0.5277598241985523,0.5171923474663908,0.5513185108583247
2017-02-08 16:00:00,0.548345398138573,0.5372931747673216,0.5299896587383661,0.519174422612892,0.5545501551189245
2017-02-09 16:00:00,0.5598500517063082,0.545243019648397,0.5341907962771458,0.5226861427094107,0.6043174767321613
2017-02-10 16:00:00,0.5708376421923476,0.5546147880041364,0.5385858324715616,0.5267364701826958,0.6030248190279214
2017-02-13 16:00:00,0.5816959669079628,0.562241468459152,0.5420760082730094,0.5305067218200621,0.5952688728024819
2017-02-14 16:00:00,0.5907445708376422,0.5679291623578075,0.5460186142709411,0.5338460875560151,0.5965615305067218
2017-02-15 16:00:00,0.5990175801447777,0.5736814891416753,0.5497350051706309,0.5375732506032403,0.5959152016546019
2017-02-16 16:00:00,0.5942347466390899,0.5770423991726991,0.5526758014477766,0.5402662874870734,0.5804033092037229
2017-02-17 16:00:00,0.591778697001034,0.5813081695966907,0.5559720785935883,0.5431316787314718,0.5907445708376422
2017-02-21 16:00:00,0.5906153050672183,0.5861556359875904,0.5593006721820061,0.5458462599103757,0.5894519131334023
2017-02-22 16:00:00,0.5866080661840745,0.5886763185108583,0.5618536711478799,0.5480653223026541,0.5765253360910031
2017-02-23 16:00:00,0.5767838676318511,0.5879007238883144,0.5625969493278179,0.549293347121682,0.546794208893485
2017-02-24 16:00:00,0.5691571871768355,0.5816959669079627,0.5634694932781799,0.5500258531540846,0.5422699069286453
2017-02-27 16:00:00,0.5595915201654602,0.5756851085832471,0.5651499482936917,0.5509522578421233,0.5429162357807653
2017-02-28 16:00:00,0.547699069286453,0.5691571871768355,0.5656993278179937,0.551103067907618,0.5299896587383661
2017-03-01 16:00:00,0.5414943123061013,0.5640511892450879,0.5659901758014476,0.5520294725956566,0.5455015511892451
2017-03-02 16:00:00,0.5409772492244054,0.5588805584281282,0.5662810237849016,0.5527835229231299,0.5442088934850052
2017-03-03 16:00:00,0.5414943123061013,0.5553257497414684,0.5661840744570837,0.553559117545674,0.5448552223371251
2017-03-06 16:00:00,0.5409772492244054,0.5502843846949329,0.5657962771458117,0.55407618062737,0.5403309203722854
2017-03-07 16:00:00,0.5426577042399172,0.5451783867631851,0.5656670113753878,0.5545932437090659,0.5383919338159255
2017-03-08 16:00:00,0.5433040330920371,0.5423991726990692,0.5655377456049637,0.5553688383316099,0.5487331954498449
2017-03-09 16:00:00,0.5433040330920372,0.5421406411582212,0.5650206825232678,0.5557781799379525,0.5442088934850052
2017-03-10 16:00:00,0.544596690796277,0.5430455015511892,0.562370734229576,0.5566614960358498,0.5513185108583247
2017-03-13 16:00:00,0.5460186142709411,0.5434979317476732,0.5595915201654602,0.557932609445019,0.547440537745605
2017-03-14 16:00:00,0.546794208893485,0.5447259565667012,0.5569415718717684,0.5587082040675629,0.5422699069286453
2017-03-15 16:00:00,0.5456308169596691,0.5444674250258531,0.5542593071354706,0.5588159255429164,0.5429162357807653
2017-03-16 16:00:00,0.546406411582213,0.5448552223371251,0.5518678903826267,0.5591390899689762,0.5480868665977249
2017-03-17 16:00:00,0.5423991726990692,0.5434979317476732,0.549411840744571,0.5586220268872804,0.531282316442606
2017-03-20 16:00:00,0.5387797311271976,0.5423991726990693,0.5463417786970011,0.5579972423302311,0.5293433298862462
2017-03-21 16:00:00,0.532445708376422,0.5396199586349535,0.5423991726990693,0.55698466046191,0.5105997931747673
2017-03-22 16:00:00,0.5272750775594623,0.5364529472595657,0.5394260599793176,0.5558428128231645,0.5170630816959669
2017-03-23 16:00:00,0.5226215098241985,0.5345139607032058,0.5383273009307136,0.5548517752499139,0.5248190279214064
2017-03-24 16:00:00,0.5213288521199586,0.5318640124095139,0.5374547569803516,0.5522018269562221,0.5248190279214064
2017-03-27 16:00:00,0.5227507755946225,0.53076525336091,0.5371315925542915,0.5499827645639435,0.5364529472595657
2017-03-28 16:00:00,0.5276628748707343,0.5300542916235781,0.5373901240951396,0.5479791451223716,0.5351602895553257
2017-03-29 16:00:00,0.53141158221303,0.5293433298862461,0.5369053774560496,0.545953981385729,0.5358066184074457
2017-03-30 16:00:00,0.5321871768355739,0.5274043433298862,0.5361297828335058,0.5437133746983798,0.5286970010341262
2017-03-31 16:00:00,0.5333505687693898,0.5273397104446743,0.5354188210961738,0.5420544639779385,0.530635987590486
2017-04-03 16:00:00,0.530377456049638,0.5265641158221303,0.5344816442606,0.5397492244053775,0.5215873836608066
2017-04-04 16:00:00,0.5277921406411582,0.5277275077559462,0.5336737331954499,0.5375086177180283,0.5222337125129266
2017-04-05 16:00:00,0.5257238883143743,0.5285677352637022,0.532510341261634,0.5358066184074457,0.5254653567735263
2017-04-06 16:00:00,0.5264994829369183,0.5293433298862462,0.531928645294726,0.5353326439158911,0.532574974146846
2017-04-07 16:00:00,0.5284384694932782,0.5308945191313339,0.531379265770424,0.5352680110306791,0.5403309203722854
2017-04-10 16:00:00,0.532316442605998,0.531346949327818,0.5310561013443641,0.5352033781454671,0.5409772492244054
2017-04-11 16:00:00,0.5381334022750776,0.532962771458118,0.531508531540848,0.5359143398827991,0.5513185108583247
2017-04-12 16:00:00,0.5416235780765253,0.5336737331954499,0.5315085315408481,0.5358281627025165,0.5429162357807653
2017-04-13 16:00:00,0.5435625646328852,0.5350310237849017,0.5312176835573941,0.5357635298173046,0.5422699069286453
2017-04-17 16:00:00,0.5445966907962771,0.5365175801447776,0.5319286452947259,0.5357850741123751,0.5455015511892451
2017-04-18 16:00:00,0.5456308169596691,0.5389736297828335,0.532768872802482,0.5359789727680111,0.546147880041365
2017-04-19 16:00:00,0.545243019648397,0.5416882109617374,0.5347078593588418,0.5363452257842124,0.5493795243019648
2017-04-20 16:00:00,0.5458893485005171,0.5437564632885211,0.5361620992761117,0.5362590486039297,0.546147880041365
2017-04-21 16:00:00,0.546923474663909,0.545243019648397,0.5372931747673216,0.5363667700792831,0.547440537745605
2017-04-24 16:00:00,0.5488624612202689,0.546729576008273,0.5388120475698035,0.536496035849707,0.5551964839710445
2017-04-25 16:00:00,0.5520941054808687,0.5488624612202688,0.5401047052740434,0.5369915546363323,0.562306101344364
2017-04-26 16:00:00,0.5540330920372285,0.5496380558428128,0.5413004136504652,0.5375517063081696,0.5590744570837642
2017-04-27 16:00:00,0.5571354705274043,0.5515124095139607,0.5425930713547052,0.5381764908652189,0.5616597724922441
2017-04-28 16:00:00,0.5625646328852121,0.5547440537745606,0.5448875387797311,0.5390598069631161,0.5745863495346433
2017-05-01 16:00:00,0.5659255429162358,0.5573940020682524,0.546955791106515,0.540417097552568,0.5720010341261634
2017-05-02 16:00:00,0.5678645294725956,0.5599793174767321,0.5494764736297828,0.5418390210272319,0.5720010341261634
2017-05-03 16:00:00,0.5705791106514995,0.562306101344364,0.5519971561530507,0.5439072733540159,0.5726473629782833
2017-05-04 16:00:00,0.5741985522233712,0.5656670113753879,0.5547117373319546,0.5459970699758704,0.579756980351603
2017-05-05 16:00:00,0.5814374353671148,0.5720010341261633,0.5586220268872802,0.5488624612202689,0.6107807652533609
2017-05-08 16:00:00,0.5899689762150983,0.577947259565667,0.56233841778697,0.5518571182350915,0.6146587383660806
2017-05-09 16:00:00,0.5990175801447776,0.5834410548086867,0.5661517580144778,0.5545501551189246,0.6172440537745605
2017-05-10 16:00:00,0.6080661840744571,0.5893226473629782,0.5694803516028957,0.5573078248879698,0.6178903826266804
2017-05-11 16:00:00,0.6147880041365047,0.594493278179938,0.5730028438469494,0.5598931402964497,0.6133660806618408
2017-05-12 16:00:00,0.6163391933815926,0.5988883143743537,0.5768161840744572,0.562887797311272,0.6185367114788004
2017-05-15 16:00:00,0.6200879007238884,0.6050284384694934,0.581211220268873,0.566313340227508,0.6334022750775594
2017-05-16 16:00:00,0.623578076525336,0.611297828335057,0.5856385729058947,0.5700835918648743,0.6346949327817994
2017-05-17 16:00:00,0.6239658738366081,0.6160160289555326,0.5891610651499484,0.5733367804205448,0.6198293691830403
2017-05-18 16:00:00,0.6244829369183039,0.6196354705274044,0.5926512409513962,0.5763529817304379,0.6159513960703206
2017-05-19 16:00:00,0.6234488107549122,0.6198940020682523,0.5959475180972079,0.579046018614271,0.6133660806618408
2017-05-22 16:00:00,0.6203464322647363,0.6202171664943124,0.5990822130299898,0.5816313340227509,0.6178903826266804
2017-05-23 16:00:00,0.6216390899689763,0.6226085832471563,0.6030248190279215,0.5849706997587041,0.641158221302999
2017-05-24 16:00:00,0.6265511892450879,0.6252585315408481,0.6072905894519132,0.5880730782488797,0.6443898655635988
2017-05-25 16:00:00,0.6344364012409514,0.6294596690796277,0.6119764736297828,0.5918217855911755,0.6553774560496382
2017-05-26 16:00:00,0.6428386763185108,0.6331437435367114,0.6160160289555325,0.5955920372285419,0.6553774560496382
2017-05-30 16:00:00,0.6472337125129266,0.6337900723888313,0.6194092554291624,0.5987375043088591,0.639865563598759
2017-05-31 16:00:00,0.6467166494312306,0.6341778697001034,0.6227378490175801,0.6018183385039642,0.6385729058945191
2017-06-01 16:00:00,0.6486556359875904,0.6376034126163392,0.6268097207859359,0.605308514305412,0.6540847983453981
2017-06-02 16:00:00,0.6483971044467426,0.641416752843847,0.6305261116856257,0.608906411582213,0.6540847983453981
2017-06-05 16:00:00,0.6473629782833505,0.6451008273009309,0.6324974146845916,0.6123319544984489,0.6502068252326784
2017-06-06 16:00:00,0.6507238883143743,0.6489788004136504,0.6345979834539816,0.6157144088245433,0.656670113753878
2017-06-07 16:00:00,0.655248190279214,0.6509824198552223,0.6367955015511892,0.619010685970355,0.6611944157187176
2017-06-08 16:00:00,0.6567993795243019,0.6527275077559461,0.6389930196483972,0.6224362288865908,0.6618407445708376
2017-06-09 16:00:00,0.6530506721820063,0.6507238883143744,0.6400917786970011,0.6248922785246467,0.6353412616339194
2017-06-12 16:00:00,0.6487849017580144,0.6480739400206826,0.6406088417786971,0.6267019993105826,0.6288779731127198
2017-06-13 16:00:00,0.6451654601861426,0.6479446742502586,0.6408673733195451,0.628921061702861,0.6385729058945191
2017-06-14 16:00:00,0.6388314374353672,0.6470398138572907,0.6406088417786971,0.6308385039641502,0.6295243019648398
2017-06-15 16:00:00,0.6308169596690797,0.6438081695966908,0.6407057911065152,0.6324758703895208,0.6217683557394003
2017-06-16 16:00:00,0.6284901758014478,0.640770423991727,0.6410935884177871,0.6339408824543261,0.6237073422957601
2017-06-19 16:00:00,0.6286194415718718,0.638702171664943,0.641901499482937,0.6345656670113754,0.6295243019648398
2017-06-20 16:00:00,0.625904860392968,0.6355351602895553,0.642256980351603,0.6349103757325061,0.625
2017-06-21 16:00:00,0.6262926577042399,0.6325620475698034,0.6417722337125128,0.6353843502240606,0.6314632885211996
2017-06-22 16:00:00,0.6296535677352637,0.6302352637021716,0.641481385729059,0.636073767666322,0.6385729058945191
2017-06-23 16:00:00,0.6326266804550155,0.6305584281282316,0.640641158221303,0.6369139951740778,0.6385729058945191
2017-06-26 16:00:00,0.6334022750775594,0.6310108583247156,0.639542399172699,0.6374095139607031,0.6334022750775594
2017-06-27 16:00:00,0.6336608066184074,0.6297828335056876,0.6388637538779731,0.6371725267149257,0.6262926577042399
2017-06-28 16:00:00,0.6350827300930714,0.6306876938986558,0.6388637538779731,0.6373017924853498,0.6385729058945191
2017-06-29 16:00:00,0.6317218200620476,0.6306876938986558,0.6372479317476732,0.6373664253705619,0.6217683557394003
2017-06-30 16:00:00,0.6277145811789039,0.6301706308169597,0.6354705274043433,0.6374526025508445,0.6185367114788004
2017-07-03 13:00:00,0.6213805584281283,0.6273914167528439,0.6330467942088935,0.6370648052395724,0.6017321613236815
2017-07-05 16:00:00,0.6177611168562565,0.6257109617373319,0.6306230610134437,0.6367416408135125,0.608195449844881
2017-07-06 16:00:00,0.610134436401241,0.6226085832471561,0.6275853154084798,0.6353843502240606,0.6004395036194417
2017-07-07 16:00:00,0.608453981385729,0.6200879007238882,0.62516158221303,0.6343502240606688,0.6133660806618408
2017-07-10 16:00:00,0.609488107549121,0.6186013443640125,0.6245798862461222,0.6332945536022061,0.6237073422957601
2017-07-11 16:00:00,0.6169855222337126,0.6191830403309204,0.625096949327818,0.6327559462254395,0.6392192347466391
2017-07-12 16:00:00,0.625517063081696,0.6216390899689762,0.6257109617373321,0.6331221992416409,0.6508531540847984
2017-07-13 16:00:00,0.6365046535677352,0.6233195449844882,0.627003619441572,0.6336823509134782,0.6553774560496382
2017-07-14 16:00:00,0.6452947259565667,0.626874353671148,0.6287810237849019,0.6337900723888316,0.657316442605998
2017-07-17 16:00:00,0.6518872802481904,0.6306876938986558,0.6304291623578077,0.6338762495691143,0.656670113753878
2017-07-18 16:00:00,0.6579627714581178,0.6374741468459152,0.6324327817993795,0.6345225784212343,0.6695966907962771
2017-07-19 16:00:00,0.6611944157187176,0.6433557394002067,0.6345333505687694,0.6348672871423648,0.6670113753877973
2017-07-20 16:00:00,0.6606773526370218,0.6485910031023785,0.6355997931747673,0.6345872113064461,0.6527921406411582
2017-07-21 16:00:00,0.656670113753878,0.6509824198552223,0.6355351602895554,0.6337685280937608,0.6372802481902792
2017-07-24 16:00:00,0.6536970010341261,0.6527921406411582,0.6356967425025853,0.6339839710444675,0.641804550155119
2017-07-25 16:00:00,0.6482678386763184,0.6531153050672182,0.6361491726990693,0.6344364012409515,0.642450879007239
2017-07-26 16:00:00,0.6428386763185108,0.6520165460186144,0.6368278179937953,0.6344794898310928,0.639865563598759
2017-07-27 16:00:00,0.6368924508790073,0.6487849017580146,0.6360522233712514,0.6342640468803862,0.6230610134436402
2017-07-28 16:00:00,0.625904860392968,0.641287487073423,0.6340809203722856,0.6329498448810756,0.5823422957600827
2017-07-31 16:00:00,0.6140124095139607,0.6338547052740435,0.6322711995863497,0.631571009996553,0.5823422957600827
2017-08-01 16:00:00,0.6025077559462254,0.625387797311272,0.6314309720785938,0.6300844536366771,0.5849276111685626
2017-08-02 16:00:00,0.5885470527404343,0.6156928645294726,0.6295243019648398,0.6282531885556706,0.5700620475698035
2017-08-03 16:00:00,0.577817993795243,0.6073552223371251,0.6279731127197518,0.6261849362288867,0.5694157187176835
2017-08-04 16:00:00,0.5748448810754911,0.6003748707342295,0.6256786452947259,0.6238150637711134,0.5674767321613237
2017-08-07 16:00:00,0.5720010341261633,0.593006721820062,0.6228994312306101,0.6214667356084109,0.5681230610134437
2017-08-08 16:00:00,0.5687693898655635,0.5856385729058945,0.6193769389865563,0.6193123061013444,0.5687693898655636
2017-08-09 16:00:00,0.5690279214064117,0.5787874870734231,0.6154020165460187,0.6174810410203377,0.5713547052740435
2017-08-10 16:00:00,0.5659255429162358,0.5718717683557394,0.6103283350568769,0.6146587383660805,0.5539038262668046
2017-08-11 16:00:00,0.5651499482936919,0.5699974146845916,0.6056424508790073,0.6127197518097207,0.5635987590486039
2017-08-14 16:00:00,0.5645036194415719,0.5682523267838676,0.6010535160289555,0.6109315753188556,0.5648914167528439
2017-08-15 16:00:00,0.5635987590486039,0.5661840744570837,0.5957859358841778,0.6096820062047569,0.5642450879007239
2017-08-16 16:00:00,0.5646328852119957,0.5668304033092036,0.5912616339193381,0.6086263357462943,0.5765253360910031
2017-08-17 16:00:00,0.5678645294725957,0.5668950361944157,0.5871251292657703,0.607613753877973,0.5700620475698035
2017-08-18 16:00:00,0.5700620475698035,0.5676059979317477,0.5839904343329886,0.606321096173733,0.5745863495346433
2017-08-21 16:00:00,0.5721302998965875,0.5683169596690797,0.5806618407445708,0.6047052740434331,0.5752326783867632
2017-08-22 16:00:00,0.5744570837642192,0.5690279214064116,0.577333247156153,0.6025939331265079,0.5758790072388831
2017-08-23 16:00:00,0.5714839710444674,0.5680584281282317,0.5734229576008273,0.5996208204067561,0.5616597724922441
2017-08-24 16:00:00,0.5704498448810754,0.5691571871768356,0.5705144777662875,0.596604619096863,0.5648914167528439
2017-08-25 16:00:00,0.5673474663908997,0.5687047569803516,0.5693510858324716,0.5933298862461219,0.5590744570837642
2017-08-28 16:00:00,0.564632885211996,0.5683815925542917,0.5683169596690797,0.5901628748707342,0.5616597724922441
2017-08-29 16:00:00,0.561918304033092,0.5681876938986556,0.5671858841778697,0.5865865218890037,0.562306101344364
2017-08-30 16:00:00,0.563728024819028,0.5676059979317477,0.5672182006204758,0.5833764219234748,0.5707083764219235
2017-08-31 16:00:00,0.5661840744570837,0.5683169596690796,0.5676059979317478,0.580855739400207,0.577171664943123
2017-09-01 16:00:00,0.5704498448810754,0.5688986556359875,0.5682523267838677,0.5789598414339883,0.5804033092037229
2017-09-05 16:00:00,0.5731644260599794,0.5688986556359876,0.5686078076525337,0.5767407790417098,0.5752326783867632
2017-09-06 16:00:00,0.5744570837642193,0.5681876938986556,0.5686078076525337,0.5742847294036539,0.5687693898655636
2017-09-07 16:00:00,0.5752326783867632,0.5694803516028955,0.5687693898655637,0.5721087556015167,0.5745863495346433
2017-09-08 16:00:00,0.5765253360910031,0.5713547052740434,0.5702559462254395,0.5707945536022061,0.5836349534643226
2017-09-11 16:00:00,0.578722854188211,0.5745863495346432,0.5716455532574974,0.5710961737331954,0.5913908996897621
2017-09-12 16:00:00,0.5811789038262668,0.577171664943123,0.5727766287487074,0.5712685280937609,0.5875129265770425
2017-09-13 16:00:00,0.5796277145811789,0.577042399172699,0.5726150465356773,0.5704713891761461,0.5610134436401241
2017-09-14 16:00:00,0.5766546018614271,0.575943640124095,0.5717748190279215,0.5701266804550156,0.5597207859358841
2017-09-15 16:00:00,0.5739400206825233,0.5752326783867631,0.5717748190279215,0.5701482247500862,0.5700620475698035
2017-09-18 16:00:00,0.5714839710444675,0.5751034126163391,0.5720010341261634,0.5705360220613582,0.5791106514994829
2017-09-19 16:00:00,0.5692864529472597,0.5752326783867632,0.5720656670113754,0.5708160978972768,0.5765253360910031
2017-09-20 16:00:00,0.5720010341261634,0.5758143743536711,0.5720010341261634,0.5710099965529127,0.5745863495346433
2017-09-21 16:00:00,0.5748448810754913,0.575749741468459,0.5726150465356773,0.5710961737331952,0.5739400206825233
2017-09-22 16:00:00,0.5756204756980351,0.5747802481902792,0.5730674767321613,0.5717640468803861,0.5739400206825233
2017-09-25 16:00:00,0.5718717683557394,0.5716778697001035,0.5731321096173733,0.5716563254050328,0.5603671147880042
2017-09-26 16:00:00,0.5686401240951395,0.5689632885211996,0.5730674767321613,0.5715055153395381,0.5603671147880042
2017-09-27 16:00:00,0.5669596690796277,0.5694803516028957,0.5732613753877973,0.5715701482247502,0.5661840744570837
2017-09-28 16:00:00,0.5643743536711479,0.5696096173733196,0.5727766287487074,0.5710530851430542,0.5610134436401241
2017-09-29 16:00:00,0.561789038262668,0.5687047569803516,0.5719687176835574,0.5707514650120649,0.5610134436401241
2017-10-02 16:00:00,0.5614012409513961,0.5666365046535676,0.5708699586349535,0.5702128576352982,0.5584281282316443
2017-10-03 16:00:00,0.561789038262668,0.5652145811789039,0.5702236297828335,0.569781971733885,0.562306101344364
2017-10-04 16:00:00,0.5616597724922441,0.5643097207859359,0.5700620475698035,0.5694372630127542,0.5655377456049638
2017-10-05 16:00:00,0.5639865563598759,0.564180455015512,0.5699650982419855,0.5698035160289557,0.5726473629782833
2017-10-06 16:00:00,0.5691571871768355,0.5654731127197518,0.5701266804550156,0.5705360220613583,0.5868665977249224
2017-10-09 16:00:00,0.5718717683557394,0.5666365046535676,0.5691571871768356,0.5709669079627716,0.5720010341261634
2017-10-10 16:00:00,0.5704498448810754,0.5661194415718717,0.5675413650465356,0.5707514650120649,0.5551964839710445
2017-10-11 16:00:00,0.5691571871768355,0.5654084798345398,0.5674444157187176,0.5706437435367117,0.5590744570837642
2017-10-12 16:00:00,0.5670889348500516,0.5655377456049637,0.5675736814891417,0.5703636677007929,0.562306101344364
2017-10-13 16:00:00,0.562435367114788,0.5657962771458117,0.5672505170630817,0.5699112375043089,0.5635987590486039
2017-10-16 16:00:00,0.5540330920372285,0.5629524301964839,0.5647944674250259,0.5682307824887971,0.5299896587383661
2017-10-17 16:00:00,0.548345398138573,0.5593976215098242,0.562306101344364,0.5666149603584972,0.5267580144777663
2017-10-18 16:00:00,0.5436918304033093,0.5564245087900724,0.5603671147880042,0.5655162013098932,0.5358066184074457
2017-10-19 16:00:00,0.5394260599793176,0.5532574974146846,0.5587189762150983,0.5643958979662186,0.5409772492244054
2017-10-20 16:00:00,0.5423991726990693,0.5524172699069286,0.5589451913133402,0.5642235436056532,0.578464322647363
2017-10-23 16:00:00,0.5497673216132367,0.5519002068252327,0.5592683557394003,0.5634048603929679,0.5668304033092038
2017-10-24 16:00:00,0.5568769389865563,0.5526111685625646,0.5593653050672182,0.562564632885212,0.562306101344364
2017-10-25 16:00:00,0.5592037228541882,0.5514477766287488,0.5584281282316443,0.562112202688728,0.547440537745605
2017-10-26 16:00:00,0.5601085832471562,0.5497673216132368,0.5576525336091003,0.5616382281971734,0.5455015511892451
2017-10-27 16:00:00,0.5523526370217167,0.547375904860393,0.5565860910031023,0.5606256463288521,0.5396845915201655
2017-10-30 16:00:00,0.546406411582213,0.5480868665977249,0.5555196483971044,0.5592252671492588,0.5370992761116856
2017-10-31 16:00:00,0.5443381592554292,0.5506075491209927,0.5550025853154085,0.5584065839365736,0.5519648397104447
2017-11-01 16:00:00,0.5440796277145812,0.5516416752843847,0.5540330920372285,0.5574586349534644,0.546147880041365
2017-11-02 16:00:00,0.5440796277145812,0.5520941054808687,0.5526758014477767,0.5565106859703551,0.5455015511892451
2017-11-03 16:00:00,0.5462771458117891,0.5493148914167529,0.5508660806618408,0.5557350913478111,0.5506721820062048
2017-11-06 16:00:00,0.5498965873836608,0.548151499482937,0.5500258531540849,0.5555627369872459,0.5551964839710445
2017-11-07 16:00:00,0.5482161323681489,0.5462771458117891,0.549444157187177,0.5550025853154087,0.5435625646328852
2017-11-08 16:00:00,0.5488624612202689,0.546471044467425,0.548959410548087,0.5544424336435714,0.5493795243019648
2017-11-09 16:00:00,0.5447259565667012,0.5444027921406411,0.5470850568769391,0.553235953119614,0.5248190279214064
2017-11-10 16:00:00,0.5411065149948293,0.5436918304033093,0.5455338676318511,0.5522880041365048,0.532574974146846
2017-11-13 16:00:00,0.5351602895553257,0.5425284384694933,0.5453076525336092,0.5511892450879008,0.5254653567735263
2017-11-14 16:00:00,0.5315408479834539,0.5398784901758015,0.5452430196483972,0.549961220268873,0.5254653567735263
2017-11-15 16:00:00,0.5262409513960702,0.5375517063081695,0.5445966907962771,0.548539296794209,0.5228800413650466
2017-11-16 16:00:00,0.5267580144777663,0.5357419855222338,0.5439180455015512,0.5470311961392624,0.5274043433298862
2017-11-17 16:00:00,0.5241726990692864,0.5326396070320579,0.5409772492244055,0.5447905894519132,0.5196483971044468
2017-11-20 16:00:00,0.5232678386763185,0.5292140641158222,0.5386827817993796,0.5430885901413307,0.5209410548086866
2017-11-21 16:00:00,0.5227507755946225,0.5271458117890383,0.5367114788004137,0.5420113753877973,0.5228800413650466
2017-11-22 16:00:00,0.5230093071354706,0.5246251292657703,0.5355480868665978,0.5408479834539814,0.5241726990692864
2017-11-24 13:00:00,0.5226215098241984,0.5246897621509823,0.5345462771458118,0.5396199586349535,0.5254653567735263
2017-11-27 16:00:00,0.5254653567735263,0.5248190279214063,0.5342554291623578,0.5386289210617028,0.5338676318510858
2017-11-28 16:00:00,0.5280506721820062,0.5256592554291624,0.5340938469493278,0.5387581868321267,0.5338676318510858
2017-11-29 16:00:00,0.5285677352637022,0.5256592554291624,0.532768872802482,0.5387150982419855,0.5254653567735263
2017-11-30 16:00:00,0.530377456049638,0.5266933815925543,0.5321225439503621,0.5386289210617027,0.5332213029989659
2017-12-01 16:00:00,0.532962771458118,0.5277921406411582,0.531767063081696,0.5385427438814202,0.5383919338159255
2017-12-04 16:00:00,0.531799379524302,0.5286323681489141,0.530635987590486,0.5368622888659083,0.5280506721820062
2017-12-05 16:00:00,0.5298603929679421,0.5289555325749742,0.5290847983453981,0.5354403653912444,0.5241726990692864
2017-12-06 16:00:00,0.5307652533609101,0.5296664943123062,0.5284061530506723,0.5343631506377112,0.5299896587383661
2017-12-07 16:00:00,0.5305067218200621,0.5304420889348501,0.5275336091003102,0.5338460875560151,0.5319286452947259
2017-12-08 16:00:00,0.530248190279214,0.531605480868666,0.5281476215098242,0.5335660117200964,0.5370992761116856
2017-12-11 16:00:00,-1234.0,-1234.0,-1234.0,-1234.0,-1234.0
